b,Titulo,Tema,Disciplina,Curso,Chamada UAB,IES
1,Algoritmos,Algoritmos,ALGORITMOS,TECNOLOGIA EM SISTEMA PARA INTERNET,UAB,IFMT
2,Algoritmos,Algoritmos,Fundamentos da Organização de Computadores,COMPUTACAO,UAB,UFJF
3,ALGORITMOS,ALGORITMOS,Algoritmos,INFORMATICA,UAB,IFES
4,Algoritmos e Programação,Algoritmos e Programação,Algoritmos e Programção,COMPUTACAO,UAB,UECE
5,ANÁLISE DE SISTEMAS,ANÁLISE DE SISTEMAS,ANÁLISE DE SISTEMAS,TECNOLOGIA EM ANALISE E DESENVOLVIMENTO DE SISTEMAS,UAB,IFES
6,ANÁLISE DE SISTEMAS ORIENTADOS A OBJETOS ,ANÁLISE DE SISTEMAS ORIENTADOS A OBJETOS ,ANÁLISE DE SISTEMAS ORIENTADOS A OBJETOS,TECNOLOGIA EM SISTEMA PARA INTERNET,UAB,IFMT
7,Análise e Projeto de Sistemas de Informação Estruturados,Análise e Projeto de Sistemas de Informação Estruturados,ANÁLISE E PROJETOS DE SISTEMAS DE INFORMAÇÃO ESTRUTURADOS,TECNOLOGIA EM SISTEMAS PARA INTERNET A DISTANCIA,UAB,IFSul
8,Análise e Projeto de Sistemas de Informação Orientados a Objetos,Análise e Projeto de Sistemas de Informação Orientados a Objetos,ANÁLISE E PROJETO DE SISTEMAS DE INFORMAÇÃO ORIENTADOS A OBJETOS,TECNOLOGIA EM SISTEMAS PARA INTERNET A DISTANCIA,UAB,IFSul
9,Animação - BrOffice,Introdução a Organização de Computadores ,Introdução a Organização de Computadores,INFORMATICA NA EDUCACAO,UAB,IFES
10,Animação - Comando 'se entao',Algoritmos ,Algoritmos,INFORMATICA,UAB,IFES
11,Animação - Conceito de Linguagem de Programação,Algoritmos ,Algoritmos,INFORMATICA,UAB,IFES
12,Animação - Conhecendo a Aplicação dos Ponteiros,Técnicas de Programação ,Técnicas de Programação,INFORMATICA,UAB,IFES
13,Animação Demonstração de Algoritmo que soma dois números e mostra o resultado ,PROGRAMAÇÃO I,PROGRAMAÇÃO I,TECNOLOGIA EM ANALISE E DESENVOLVIMENTO DE SISTEMAS,UAB,IFES
14,Animação Demonstração de Estrutura ,PROGRAMAÇÃO I,PROGRAMAÇÃO I,TECNOLOGIA EM ANALISE E DESENVOLVIMENTO DE SISTEMAS,UAB,IFES
15,Animação Demonstração de Matriz,PROGRAMAÇÃO I ,PROGRAMAÇÃO I,TECNOLOGIA EM ANALISE E DESENVOLVIMENTO DE SISTEMAS,UAB,IFES
16,Animação Demonstração de Matriz de String ,PROGRAMAÇÃO I,PROGRAMAÇÃO I,TECNOLOGIA EM ANALISE E DESENVOLVIMENTO DE SISTEMAS,UAB,IFES
17,Animação Demonstração de Vetor ,PROGRAMAÇÃO I ,PROGRAMAÇÃO I,TECNOLOGIA EM ANALISE E DESENVOLVIMENTO DE SISTEMAS,UAB,IFES
18,Animação Demonstração do Comando for,PROGRAMAÇÃO I ,PROGRAMAÇÃO I,TECNOLOGIA EM ANALISE E DESENVOLVIMENTO DE SISTEMAS,UAB,IFES
19,Animação Demonstração do Comando if,PROGRAMAÇÃO I ,PROGRAMAÇÃO I,TECNOLOGIA EM ANALISE E DESENVOLVIMENTO DE SISTEMAS,UAB,IFES
20,Animação Demonstração do Comando if-else ,PROGRAMAÇÃO I ,PROGRAMAÇÃO I,TECNOLOGIA EM ANALISE E DESENVOLVIMENTO DE SISTEMAS,UAB,IFES
21,Animação - Entendendo as Filas,Técnicas de Programação ,Técnicas de Programação,INFORMATICA,UAB,IFES
22,Animação - Fila,TÉCNICAS DE PROGRAMAÇÃO AVANÇADAS,TÉCNICAS DE PROGRAMAÇÃO AVANÇADAS,TECNOLOGIA EM ANALISE E DESENVOLVIMENTO DE SISTEMAS,UAB,IFES
23,Animação - Gerenciamento de arquivo_Windows,Introdução a Organização de Computadores ,Introdução a Organização de Computadores,INFORMATICA NA EDUCACAO,UAB,IFES
24,Animação - Hardware e software,Introdução a Organização de Computadores ,Introdução a Organização de Computadores,INFORMATICA NA EDUCACAO,UAB,IFES
25,Animação - Internet: busca e e-mail,Introdução a Organização de Computadores ,Introdução a Organização de Computadores,INFORMATICA NA EDUCACAO,UAB,IFES
26,Animação - Lista,TÉCNICAS DE PROGRAMAÇÃO AVANÇADAS,TÉCNICAS DE PROGRAMAÇÃO AVANÇADAS,TECNOLOGIA EM ANALISE E DESENVOLVIMENTO DE SISTEMAS,UAB,IFES
27,Animação - Listas Encadeadas,Técnicas de Programação ,Técnicas de Programação,INFORMATICA,UAB,IFES
28,Animação - Livraria,SISTEMAS DE INFORMAÇÕES GERENCIAIS ,SISTEMAS DE INFORMAÇÕES GERENCIAIS,TECNOLOGIA EM ANALISE E DESENVOLVIMENTO DE SISTEMAS,UAB,IFES
29,Animação - Pilha,Técnicas de Programação ,Técnicas de Programação,INFORMATICA,UAB,IFES
30,Animação - Pilha,TÉCNICAS DE PROGRAMAÇÃO AVANÇADAS,TÉCNICAS DE PROGRAMAÇÃO AVANÇADAS,TECNOLOGIA EM ANALISE E DESENVOLVIMENTO DE SISTEMAS,UAB,IFES
31,Animação - Ponteiro,TÉCNICAS DE PROGRAMAÇÃO AVANÇADAS,TÉCNICAS DE PROGRAMAÇÃO AVANÇADAS,TECNOLOGIA EM ANALISE E DESENVOLVIMENTO DE SISTEMAS,UAB,IFES
32,Animação - Ponteiros,PROGRAMAÇÃO I ,PROGRAMAÇÃO I,TECNOLOGIA EM ANALISE E DESENVOLVIMENTO DE SISTEMAS,UAB,IFES
33,Animação - Ponteiros,PROGRAMAÇÃO II,PROGRAMAÇÃO II,TECNOLOGIA EM ANALISE E DESENVOLVIMENTO DE SISTEMAS,UAB,IFES
34,Animação - Ramos do Direito,ÉTICA E LEGISLAÇÃO EM INFORMÁTICA,ÉTICA E LEGISLAÇÃO EM INFORMÁTICA,TECNOLOGIA EM ANALISE E DESENVOLVIMENTO DE SISTEMAS,UAB,IFES
35,Animação - retroalimentação,Informática em Gestão Escolar ,Informática em Gestão Escolar,INFORMATICA NA EDUCACAO,UAB,IFES
36,Animação - Retroalimentação,Informática em Gestão Escolar,Informática em Gestão Escolar,INFORMATICA NA EDUCACAO,UAB,IFES
37,Animação sobre como criar uma classe,Linguagem de Programação II,Linguagem de Programação II,INFORMATICA,UAB,IFES
38,Animação sobre como criar uma exceção ,Linguagem de Programação II ,Linguagem de Programação II,INFORMATICA,UAB,IFES
39,Animação sobre como criar um métodos,Linguagem de Programação II ,Linguagem de Programação II,INFORMATICA,UAB,IFES
40,Animação - Struct,PROGRAMAÇÃO I ,PROGRAMAÇÃO I,TECNOLOGIA EM ANALISE E DESENVOLVIMENTO DE SISTEMAS,UAB,IFES
41,Animação - Struct,PROGRAMAÇÃO II,PROGRAMAÇÃO II,TECNOLOGIA EM ANALISE E DESENVOLVIMENTO DE SISTEMAS,UAB,IFES
42,Animação - Supermercado,SISTEMAS DE INFORMAÇÕES GERENCIAIS ,SISTEMAS DE INFORMAÇÕES GERENCIAIS,TECNOLOGIA EM ANALISE E DESENVOLVIMENTO DE SISTEMAS,UAB,IFES
43,Animação Vetores,Algoritmos,Algoritmos,INFORMATICA,UAB,IFES
44,APLICAÇÃO DE BANCO DE DADOS ,APLICAÇÃO DE BANCO DE DADOS ,APLICAÇÃO DE BANCO DE DADOS,TECNOLOGIA EM SISTEMA PARA INTERNET,UAB,IFMT
45,APLICATIVOS COMPUTACIONAIS,APLICATIVOS COMPUTACIONAIS,Sistemas Operacionais ,INFORMATICA,UAB,IFES
46,Apostila da disciplina de Analise de sistemas,ANÁLISE DE SISTEMAS ,ANÁLISE DE SISTEMAS,TECNOLOGIA EM ANALISE E DESENVOLVIMENTO DE SISTEMAS,UAB,IFES
47,Apostila da disciplina de Sistemas de Informações Gerenciais,SISTEMAS DE INFORMAÇÕES GERENCIAIS,SISTEMAS DE INFORMAÇÕES GERENCIAIS,TECNOLOGIA EM ANALISE E DESENVOLVIMENTO DE SISTEMAS,UAB,IFES
48,Apostila da disciplina de Sistemas Operacionais ,SISTEMAS OPERACIONAIS ,SISTEMAS OPERACIONAIS I,TECNOLOGIA EM ANALISE E DESENVOLVIMENTO DE SISTEMAS,UAB,IFES
49,Apostila da disciplina de Técnicas de programação Avançada,TÉCNICAS DE PROGRAMAÇÃO AVANÇADAS,TÉCNICAS DE PROGRAMAÇÃO AVANÇADAS,TECNOLOGIA EM ANALISE E DESENVOLVIMENTO DE SISTEMAS,UAB,IFES
50,Apostila de Organização Estruturada de Computadores,ORGANIZAÇÃO ESTRUTURADA DE COMPUTADORES ,ORGANIZAÇÃO ESTRUTURADA DE COMPUTADORES,TECNOLOGIA EM ANALISE E DESENVOLVIMENTO DE SISTEMAS,UAB,IFES
51,Apostila de Programação 2,PROGRAMAÇÃO II,PROGRAMAÇÃO II,TECNOLOGIA EM ANALISE E DESENVOLVIMENTO DE SISTEMAS,UAB,IFES
52,Arquitetura de Computadores,Arquitetura de Computadores,Arquitetura de Computadores,COMPUTACAO,UAB,UECE
53,Arquitetura de Computadores,Arquitetura de Computadores,Arquitetura de Computadores,COMPUTACAO,UAB,UEG
54,AUDITORIA E SEGURANÇA DE SISTEMAS,AUDITORIA E SEGURANÇA DE SISTEMAS,AUDITORIA E SEGURANÇA DE SISTEMAS,TECNOLOGIA EM ANALISE E DESENVOLVIMENTO DE SISTEMAS,UAB,IFES
55,Aula0,Apresentação da disciplina,"Segurança da Informação: Dados, Redes e Sistemas",TECNOLOGIAS E SISTEMAS DE INFORMACAO,UAB,UFABC
56,Aula0,Apresentação da Disciplina,Projeto de Sistemas,TECNOLOGIAS E SISTEMAS DE INFORMACAO,UAB,UFABC
57,Aula0,Apresentação da Disciplina,Sistemas Corporativos de Informação,TECNOLOGIAS E SISTEMAS DE INFORMACAO,UAB,UFABC
58,Aula00,Plano de Trabalho,Software Livre,TECNOLOGIAS E SISTEMAS DE INFORMACAO,UAB,UFABC
59,Aula01,Introdução ao software livre,Software Livre,TECNOLOGIAS E SISTEMAS DE INFORMACAO,UAB,UFABC
60,aula04_shell_script_parte1,shell_script,Software Livre,TECNOLOGIAS E SISTEMAS DE INFORMACAO,UAB,UFABC
61,aula05_tsi_shel_script_parte2,shel_script,Software Livre,TECNOLOGIAS E SISTEMAS DE INFORMACAO,UAB,UFABC
62,aula06_tsi_gerenciamento e configurações_sl,SL: Gerenciamento e Configurações,Software Livre,TECNOLOGIAS E SISTEMAS DE INFORMACAO,UAB,UFABC
63,aula07_tsi_aplicativos_sofware_livre,aplicativos_sofware_livre,Software Livre,TECNOLOGIAS E SISTEMAS DE INFORMACAO,UAB,UFABC
64,Aula1,Fundamentos de Sistemas de Informação (SI),Sistemas Corporativos de Informação,TECNOLOGIAS E SISTEMAS DE INFORMACAO,UAB,UFABC
65,Aula1,Introdução ao Gerenciamento de Projetos,Gestão de Projetos e Qualidade de Software,TECNOLOGIAS E SISTEMAS DE INFORMACAO,UAB,UFABC
66,Aula1,Introdução aos Processos de Softwar,Projeto de Sistemas,TECNOLOGIAS E SISTEMAS DE INFORMACAO,UAB,UFABC
67,Aula1,"INTRODUÇÃO, RECUPERAÇÃOEARMAZENAMENTODAINFORMAÇÃO",Modelagem de Dados e Aplicações,TECNOLOGIAS E SISTEMAS DE INFORMACAO,UAB,UFABC
68,Aula1,Segugança nos Sistemas de Informação,"Segurança da Informação: Dados, Redes e Sistemas",TECNOLOGIAS E SISTEMAS DE INFORMACAO,UAB,UFABC
69,Aula1a,INTRODUÇÃO ÀS TECNOLOGIAS DE COMUNICAÇÃO SEM-FIO: HISTÓRICO DE EVOLUÇÃO,Computação Móvel,TECNOLOGIAS E SISTEMAS DE INFORMACAO,UAB,UFABC
70,Aula1b,INTRODUÇÃO A COMPUTAÇÃO MÓVEL,Computação Móvel,TECNOLOGIAS E SISTEMAS DE INFORMACAO,UAB,UFABC
71,Aula 1 Definicao de Sistema Computacional,Definicao de Sistema Computacional,Sistemas Computacionais,TECNOLOGIAS E SISTEMAS DE INFORMACAO,UAB,UFABC
72,Aula2,APROXIMANDOONEGÓCIODACOMPUTAÇÃOO MODELOENTIDADE-RELACIONAMENTO,Modelagem de Dados e Aplicações,TECNOLOGIAS E SISTEMAS DE INFORMACAO,UAB,UFABC
73,Aula2,Gerenciamento de Escopo,Gestão de Projetos e Qualidade de Software,TECNOLOGIAS E SISTEMAS DE INFORMACAO,UAB,UFABC
74,Aula2,Políticas de Segurança – Parte 1,"Segurança da Informação: Dados, Redes e Sistemas",TECNOLOGIAS E SISTEMAS DE INFORMACAO,UAB,UFABC
75,Aula2,Sistemas de Informação Baseados em Computador (CBIS) ,Sistemas Corporativos de Informação,TECNOLOGIAS E SISTEMAS DE INFORMACAO,UAB,UFABC
76,Aula2a,Projeto Arquitetural de um Sistema,Projeto de Sistemas,TECNOLOGIAS E SISTEMAS DE INFORMACAO,UAB,UFABC
77,Aula2a,Tecnologias de comunicações sem fio: conceitos básicos de transmissão por ondas e técnicas de modulação,Computação Móvel,TECNOLOGIAS E SISTEMAS DE INFORMACAO,UAB,UFABC
78,Aula2b,Análise de Requisitos para um Sistema,Projeto de Sistemas,TECNOLOGIAS E SISTEMAS DE INFORMACAO,UAB,UFABC
79,Aula2b,Declaração de Escopo do Projeto Realização de,Gestão de Projetos e Qualidade de Software,TECNOLOGIAS E SISTEMAS DE INFORMACAO,UAB,UFABC
80,Aula2b,DISPOSITIVOS MÓVEIS: Tipos de dispositivos usados em computação móvel,Computação Móvel,TECNOLOGIAS E SISTEMAS DE INFORMACAO,UAB,UFABC
81,Aula2b,MAISPRÓXIMOSDAIMPLEMENTAÇÃO: O MODELORELACIONAL,Modelagem de Dados e Aplicações,TECNOLOGIAS E SISTEMAS DE INFORMACAO,UAB,UFABC
82,Aula2c,Análise de Requisitos,Projeto de Sistemas,TECNOLOGIAS E SISTEMAS DE INFORMACAO,UAB,UFABC
83,Aula2c,Declaração de Escopo do Projeto Realização de,Gestão de Projetos e Qualidade de Software,TECNOLOGIAS E SISTEMAS DE INFORMACAO,UAB,UFABC
84,Aula 2 Introducao as Linguagens de Programacao,Introducao as Linguagens de Programacao,Sistemas Computacionais,TECNOLOGIAS E SISTEMAS DE INFORMACAO,UAB,UFABC
85,Aula3,Políticas de Segurança – Parte 2,"Segurança da Informação: Dados, Redes e Sistemas",TECNOLOGIAS E SISTEMAS DE INFORMACAO,UAB,UFABC
86,Aula3,PROJETO LÓGICO TRANSFORMANDO O MODELO ER EM MODELO RELACIONAL,Modelagem de Dados e Aplicações,TECNOLOGIAS E SISTEMAS DE INFORMACAO,UAB,UFABC
87,Aula3,Sistemas de Informação nas Organizações,Sistemas Corporativos de Informação,TECNOLOGIAS E SISTEMAS DE INFORMACAO,UAB,UFABC
88,Aula3,TECNOLOGIAS DE SISTEMAS CELULARES,Computação Móvel,TECNOLOGIAS E SISTEMAS DE INFORMACAO,UAB,UFABC
89,Aula3a,Introdução ao UML (Unified Modelling Language),Projeto de Sistemas,TECNOLOGIAS E SISTEMAS DE INFORMACAO,UAB,UFABC
90,Aula3a,WBS Tool,Gestão de Projetos e Qualidade de Software,TECNOLOGIAS E SISTEMAS DE INFORMACAO,UAB,UFABC
91,Aula3b,Dicionário da EAP,Gestão de Projetos e Qualidade de Software,TECNOLOGIAS E SISTEMAS DE INFORMACAO,UAB,UFABC
92,Aula3b,Projeto Orientado a Objetos,Projeto de Sistemas,TECNOLOGIAS E SISTEMAS DE INFORMACAO,UAB,UFABC
93,Aula3c,Diagramas UML de um Sistema 1.,Projeto de Sistemas,TECNOLOGIAS E SISTEMAS DE INFORMACAO,UAB,UFABC
94,Aula3c,Dicionário da EAP_Exemplo_,Gestão de Projetos e Qualidade de Software,TECNOLOGIAS E SISTEMAS DE INFORMACAO,UAB,UFABC
95,Aula 3 Topicos de Eletronica Digital,Topicos de Eletronica Digital,Sistemas Computacionais,TECNOLOGIAS E SISTEMAS DE INFORMACAO,UAB,UFABC
96,Aula4,A FAMILIA DE NORMAS IEEE-802,Computação Móvel,TECNOLOGIAS E SISTEMAS DE INFORMACAO,UAB,UFABC
97,Aula4,Mecanismos Criptográficos de Segurança – Parte 1,"Segurança da Informação: Dados, Redes e Sistemas",TECNOLOGIAS E SISTEMAS DE INFORMACAO,UAB,UFABC
98,Aula4a,Padrões de Projeto,Projeto de Sistemas,TECNOLOGIAS E SISTEMAS DE INFORMACAO,UAB,UFABC
99,Aula4a,Sistemas de Comércio Eletrônico,Sistemas Corporativos de Informação,TECNOLOGIAS E SISTEMAS DE INFORMACAO,UAB,UFABC
100,Aula4b,Exemplos de Padrões de Projeto,Projeto de Sistemas,TECNOLOGIAS E SISTEMAS DE INFORMACAO,UAB,UFABC
101,Aula4b,Sistemas funcionais e Sistemas interfuncionais,Sistemas Corporativos de Informação,TECNOLOGIAS E SISTEMAS DE INFORMACAO,UAB,UFABC
102,Aula4c,Utilização de Padrões de Projeto,Projeto de Sistemas,TECNOLOGIAS E SISTEMAS DE INFORMACAO,UAB,UFABC
103,Aula 4 Microprocessadores,Microprocessadores,Sistemas Computacionais,TECNOLOGIAS E SISTEMAS DE INFORMACAO,UAB,UFABC
104,Aula5,Mecanismos Criptográficos de Segurança – Parte 2,"Segurança da Informação: Dados, Redes e Sistemas",TECNOLOGIAS E SISTEMAS DE INFORMACAO,UAB,UFABC
105,Aula5,Sistemas de Processamento de Transações Sistemas de Colaboração nas Empresas Integração das Aplicações da Empresa,Sistemas Corporativos de Informação,TECNOLOGIAS E SISTEMAS DE INFORMACAO,UAB,UFABC
106,Aula5,Sistemas RFID – Radio Frequency IDentification,Computação Móvel,TECNOLOGIAS E SISTEMAS DE INFORMACAO,UAB,UFABC
107,Aula5,UM POUCO DE PRÁTICA LINGUAGEM SQL,Modelagem de Dados e Aplicações,TECNOLOGIAS E SISTEMAS DE INFORMACAO,UAB,UFABC
108,Aula5a,Arquiteturas de Sistemas Distribuídos,Projeto de Sistemas,TECNOLOGIAS E SISTEMAS DE INFORMACAO,UAB,UFABC
109,Aula5b,Padrões Arquiteturais,Projeto de Sistemas,TECNOLOGIAS E SISTEMAS DE INFORMACAO,UAB,UFABC
110,Aula6,(ERP) (CRM) (SCM) ,Sistemas Corporativos de Informação,TECNOLOGIAS E SISTEMAS DE INFORMACAO,UAB,UFABC
111,Aula6,Testes de Software,Projeto de Sistemas,TECNOLOGIAS E SISTEMAS DE INFORMACAO,UAB,UFABC
112,Aula6,Vírus e Sistema Antivírus – Sistemas de Detecção de Intrusão,"Segurança da Informação: Dados, Redes e Sistemas",TECNOLOGIAS E SISTEMAS DE INFORMACAO,UAB,UFABC
113,Aula6a,SQL –PARTE2 CONSULTAS E MAIS CONSULTAS,Modelagem de Dados e Aplicações,TECNOLOGIAS E SISTEMAS DE INFORMACAO,UAB,UFABC
114,Aula6a,Tutorial de Programação Java link para pesquisa e leitura,Computação Móvel,TECNOLOGIAS E SISTEMAS DE INFORMACAO,UAB,UFABC
115,Aula 6 Aumento de Desempenho,Aumento de Desempenho,Sistemas Computacionais,TECNOLOGIAS E SISTEMAS DE INFORMACAO,UAB,UFABC
116,Aula6b,A TECNOLOGIA JAVA J2ME: FERRAMENTAS DE DESENVOLVIMENTO,Computação Móvel,TECNOLOGIAS E SISTEMAS DE INFORMACAO,UAB,UFABC
117,Aula6b,SQL –PARTE2 SUBCONSULTAS E AGREGAÇÕES,Modelagem de Dados e Aplicações,TECNOLOGIAS E SISTEMAS DE INFORMACAO,UAB,UFABC
118,Aula6c,A TECNOLOGIA JAVA J2ME: FERRAMENTAS DE DESENVOLVIMENTO Programação em Java ME,Computação Móvel,TECNOLOGIAS E SISTEMAS DE INFORMACAO,UAB,UFABC
119,Aula6c,SQL –PARTE2 MAIS JUNÇÕES E VISÃO,Modelagem de Dados e Aplicações,TECNOLOGIAS E SISTEMAS DE INFORMACAO,UAB,UFABC
120,Aula6d,Instalando aplicativo em celulares,Computação Móvel,TECNOLOGIAS E SISTEMAS DE INFORMACAO,UAB,UFABC
121,Aula7,Firewall – VPN,"Segurança da Informação: Dados, Redes e Sistemas",TECNOLOGIAS E SISTEMAS DE INFORMACAO,UAB,UFABC
122,Aula7,MIS ou SIG DSS ou SAD ESS ou EIS BI,Sistemas Corporativos de Informação,TECNOLOGIAS E SISTEMAS DE INFORMACAO,UAB,UFABC
123,Aula7,Redes de Sensores Sem Fio e Computação Ubíqua,Computação Móvel,TECNOLOGIAS E SISTEMAS DE INFORMACAO,UAB,UFABC
124,Aula 7 Sistemas Operacionais,Sistemas Operacionais,Sistemas Computacionais,TECNOLOGIAS E SISTEMAS DE INFORMACAO,UAB,UFABC
125,Aula8,IA - RV - SE - KM,Sistemas Corporativos de Informação,TECNOLOGIAS E SISTEMAS DE INFORMACAO,UAB,UFABC
126,Aula 8 Tolerancia a Falhas,Tolerancia a Falhas,Sistemas Computacionais,TECNOLOGIAS E SISTEMAS DE INFORMACAO,UAB,UFABC
127,Aula 9 Confiabilidade e Disponibilidade,Confiabilidade e Disponibilidade,Sistemas Computacionais,TECNOLOGIAS E SISTEMAS DE INFORMACAO,UAB,UFABC
128,Banco de Dados,Banco de Dados,Banco de Dados,COMPUTACAO,UAB,UECE
129,BANCO DE DADOS I ,BANCO DE DADOS,BANCO DE DADOS I,TECNOLOGIA EM ANALISE E DESENVOLVIMENTO DE SISTEMAS,UAB,IFES
130,BANCO DE DADOS II,BANCO DE DADOS II,BANCO DE DADOS II,TECNOLOGIA EM ANALISE E DESENVOLVIMENTO DE SISTEMAS,UAB,IFES
131,Bases de Dados em Saúde,Informática em Saúde,BASES DE DADOS DA SAÚDE,INFORMATICA EM SAUDE,UAB,UNIFESP
132,Bioinformática,Informatica em Saude,INTRODUÇÃO À BIOINFORMÁTICA,INFORMATICA EM SAUDE,UAB,UNIFESP
133,Características de SO,Sistemas Operacionais,Software Livre,TECNOLOGIAS E SISTEMAS DE INFORMACAO,UAB,UFABC
134,Comando 'para',Algoritmos,Algoritmos,INFORMATICA,UAB,IFES
135,Comando se então senão,Algoritmos,Algoritmos,INFORMATICA,UAB,IFES
136,Computador e Sociedade,Computador e Sociedade,Computador e Sociedade ,COMPUTACAO,UAB,UFGD
137,Computador na Sala de Aula ,Computador na Sala de Aula ,Computador na Sala de Aula,TECNOLOGIAS DE INFORMACAO E COMUNICACAO NO ENSINO FUNDAMENTAL,UAB,UFJF
138,CONSTRUÇÃO DE ALGORITMOS ,ALGORITMOS,CONSTRUÇÃO DE ALGORITMOS,SISTEMAS DE INFORMACAO,UAB,UFSCAR
139,Conteúdo das aulas,Conteúdo das aulas,Sistemas Inteligentes,TECNOLOGIAS E SISTEMAS DE INFORMACAO,UAB,UFABC
140,Educação a distância,Educação a distância,PROGRAMAÇÃO ORIENTADA A OBJETOS,SISTEMAS DE INFORMACAO,UAB,UFSCAR
141,Engenharia de software,Engenharia de Software,ENGENHARIA DE SOFTWARE,TECNOLOGIA EM SISTEMAS PARA INTERNET A DISTANCIA,UAB,IFSul
142,ENGENHARIA DE SOFTWARE,ENGENHARIA DE SOFTWARE,ENGENHARIA DE SOFTWARE,TECNOLOGIA EM ANALISE E DESENVOLVIMENTO DE SISTEMAS,UAB,IFES
143,Engenharia de Software I,Engenharia de Software I,Engenharia de Software I,COMPUTACAO,UAB,UFGD
144,Estrutura de dados,Estrutura de dados,ESTRUTURA DE DADOS,TECNOLOGIA EM SISTEMA PARA INTERNET,UAB,IFMT
145,Estrutura de Dados,Estrutura de Dados,Estrutura de Dados,COMPUTACAO,UAB,UEG
146,ESTRUTURA DE DADOS,ESTRUTURA DE DADOS,Estrutura de Dados,COMPUTACAO,UAB,UECE
147,Estrutura de Dados I,Estrutura de Dados I,Estrutura de Dados I,COMPUTACAO,UAB,UFGD
148,Estrutura de Dados I,Estrutura de Dados I,Estrutura de Dados I,COMPUTACAO,UAB,UFGD
149,Estrutura de Dados II,Estrutura de Dados II,Estrutura de Dados II,COMPUTACAO,UAB,UFGD
150,Estrutura de Dados II,Estrutura de Dados II,Estrutura de Dados II,COMPUTACAO,UAB,UFGD
151,Estrutura de SO,Sistemas Operacionais,Software Livre,TECNOLOGIAS E SISTEMAS DE INFORMACAO,UAB,UFABC
152,ÉTICA E LEGISLAÇÃO EM INFORMÁTICA,ÉTICA E LEGISLAÇÃO EM INFORMÁTICA,ÉTICA E LEGISLAÇÃO EM INFORMÁTICA,TECNOLOGIA EM ANALISE E DESENVOLVIMENTO DE SISTEMAS,UAB,IFES
153,Etica em Informática em Saude,Informatica em Saude,ÉTICA EM INFORMÁTICA EM SAÚDE,INFORMATICA EM SAUDE,UAB,UNIFESP
154,Facísculo Sistemas Multimídia ,Sistemas Multimídia ,Sistemas Multimídia,INFORMATICA,UAB,IFES
155,Fascículo Acessibilidade e Informática na Escola Inclusiva ,Acessibilidade e Informática na Escola Inclusiva ,Acessibilidade e Informática na Escola Inclusiva,INFORMATICA NA EDUCACAO,UAB,IFES
156,Fascículo Acessibilidade e Informática na Escola Inclusiva ,Acessibilidade e Informática na Escola Inclusiva ,Acessibilidade e Informática na Escola Inclusiva,INFORMATICA NA EDUCACAO,UAB,IFES
157,Fascículo Algoritmos,Algoritmos,Algoritmos,INFORMATICA,UAB,IFES
158,Fascículo Algoritmos,Algoritmos ,Algoritmos,INFORMATICA,UAB,IFES
159,Fascículo ANÁLISE DE SISTEMAS,ANÁLISE DE SISTEMAS,ANÁLISE DE SISTEMAS,TECNOLOGIA EM ANALISE E DESENVOLVIMENTO DE SISTEMAS,UAB,IFES
160,Fascículo ANÁLISE DE SISTEMAS ,ANÁLISE DE SISTEMAS ,ANÁLISE DE SISTEMAS,TECNOLOGIA EM ANALISE E DESENVOLVIMENTO DE SISTEMAS,UAB,IFES
161,Fascículo Aplicativos Computacionais,Aplicativos Computacionais,Sistemas Operacionais ,INFORMATICA,UAB,IFES
162,Fascículo Aplicativos Computacionais,Aplicativos Computacionais ,Sistemas Operacionais ,INFORMATICA,UAB,IFES
163,Fascículo AUDITORIA E SEGURANÇA DE SISTEMAS,AUDITORIA E SEGURANÇA DE SISTEMAS,AUDITORIA E SEGURANÇA DE SISTEMAS,TECNOLOGIA EM ANALISE E DESENVOLVIMENTO DE SISTEMAS,UAB,IFES
164,Fascículo AUDITORIA E SEGURANÇA DE SISTEMAS ,AUDITORIA E SEGURANÇA DE SISTEMAS ,AUDITORIA E SEGURANÇA DE SISTEMAS,TECNOLOGIA EM ANALISE E DESENVOLVIMENTO DE SISTEMAS,UAB,IFES
165,Fascículo Banco de Dados ,Banco de Dados ,Banco de Dados,INFORMATICA,UAB,IFES
166,Fascículo BANCO DE DADOS I,BANCO DE DADOS I,BANCO DE DADOS I,TECNOLOGIA EM ANALISE E DESENVOLVIMENTO DE SISTEMAS,UAB,IFES
167,Fascículo BANCO DE DADOS I ,BANCO DE DADOS I ,BANCO DE DADOS I,TECNOLOGIA EM ANALISE E DESENVOLVIMENTO DE SISTEMAS,UAB,IFES
168,Fascículo BANCO DE DADOS II,BANCO DE DADOS II,BANCO DE DADOS II,TECNOLOGIA EM ANALISE E DESENVOLVIMENTO DE SISTEMAS,UAB,IFES
169,Fascículo BANCO DE DADOS II ,BANCO DE DADOS II ,BANCO DE DADOS II,TECNOLOGIA EM ANALISE E DESENVOLVIMENTO DE SISTEMAS,UAB,IFES
170,Fascículo da disciplina de Algoritmos,Algoritmos ,Algoritmos,INFORMATICA,UAB,IFES
171,Fascículo da Disciplina de Banco de Dados,Banco de Dados ,Banco de Dados,INFORMATICA,UAB,IFES
172,Fascículo da disciplina de Engenharia de Software,Engenharia de Software ,Engenharia de Software,INFORMATICA,UAB,IFES
173,Fascículo de Linguagem de Programação II ,Linguagem de Programação II ,Linguagem de Programação II,INFORMATICA,UAB,IFES
174,Fascículo ENGENHARIA DE SOFTWARE,ENGENHARIA DE SOFTWARE,Engenharia de Software,INFORMATICA,UAB,IFES
175,Fascículo ENGENHARIA DE SOFTWARE,ENGENHARIA DE SOFTWARE,Engenharia de Software,INFORMATICA,UAB,IFES
176,Fascículo ENGENHARIA DE SOFTWARE,ENGENHARIA DE SOFTWARE,ENGENHARIA DE SOFTWARE,TECNOLOGIA EM ANALISE E DESENVOLVIMENTO DE SISTEMAS,UAB,IFES
177,Fascículo ENGENHARIA DE SOFTWARE ,ENGENHARIA DE SOFTWARE ,ENGENHARIA DE SOFTWARE,TECNOLOGIA EM ANALISE E DESENVOLVIMENTO DE SISTEMAS,UAB,IFES
178,Fascículo ÉTICA E LEGISLAÇÃO EM INFORMÁTICA,ÉTICA E LEGISLAÇÃO EM INFORMÁTICA,ÉTICA E LEGISLAÇÃO EM INFORMÁTICA,TECNOLOGIA EM ANALISE E DESENVOLVIMENTO DE SISTEMAS,UAB,IFES
179,Fascículo ÉTICA E LEGISLAÇÃO EM INFORMÁTICA,ÉTICA E LEGISLAÇÃO EM INFORMÁTICA,ÉTICA E LEGISLAÇÃO EM INFORMÁTICA,TECNOLOGIA EM ANALISE E DESENVOLVIMENTO DE SISTEMAS,UAB,IFES
180,Fascículo Fundamentos de Sistemas de Informação,Fundamentos de Sistemas de Informação,Fundamentos de Sistemas de Informação ,INFORMATICA,UAB,IFES
181,Fascículo Fund. Sistemas de Informação,Fundamentos de Sistemas de Informação,Fundamentos de Sistemas de Informação ,INFORMATICA,UAB,IFES
182,Fascículo Informática em Gestão Escolar ,Informática em Gestão Escolar,Informática em Gestão Escolar,INFORMATICA NA EDUCACAO,UAB,IFES
183,Fascículo Informática em Gestão Escolar ,Informática em Gestão Escolar,Informática em Gestão Escolar,INFORMATICA NA EDUCACAO,UAB,IFES
184,Fascículo INFORMÁTICA E SOCIEDADE,INFORMÁTICA E SOCIEDADE,INFORMÁTICA E SOCIEDADE,TECNOLOGIA EM ANALISE E DESENVOLVIMENTO DE SISTEMAS,UAB,IFES
185,Fascículo INFORMÁTICA E SOCIEDADE ,INFORMÁTICA E SOCIEDADE ,INFORMÁTICA E SOCIEDADE,TECNOLOGIA EM ANALISE E DESENVOLVIMENTO DE SISTEMAS,UAB,IFES
186,Fascículo INTRODUÇÃO À INFORMÁTICA,Introdução a Informática,Introdução a Informática,INFORMATICA,UAB,IFES
187,Fascículo INTRODUÇÃO À INFORMÁTICA,Introdução a Informática,Introdução a Informática,INFORMATICA,UAB,IFES
188,Fascículo Introdução a Organização de Computadores,Introdução a Organização de Computadores ,Introdução a Organização de Computadores,INFORMATICA NA EDUCACAO,UAB,IFES
189,Fascículo Introdução a Organização de Computadores ,Introdução a Organização de Computadores,Introdução a Organização de Computadores,INFORMATICA NA EDUCACAO,UAB,IFES
190,Fascículo Introdução a Organização de Computadores ,Introdução a Organização de Computadores,Introdução a Organização de Computadores,INFORMATICA NA EDUCACAO,UAB,IFES
191,Fascículo LINGUAGEM DE PROGRAMAÇÃO I,Linguagem de Programação I,Linguagem de Programação I ,INFORMATICA,UAB,IFES
192,Fascículo LINGUAGEM DE PROGRAMAÇÃO I,Linguagem de Programação I,Linguagem de Programação I ,INFORMATICA,UAB,IFES
193,Fascículo LINGUAGEM DE PROGRAMAÇÃO I,Linguagem de Programação I,LINGUAGEM DE PROGRAMAÇÃO I,TECNOLOGIA EM ANALISE E DESENVOLVIMENTO DE SISTEMAS,UAB,IFES
194,Fascículo LINGUAGEM DE PROGRAMAÇÃO I ,Linguagem de Programação I,LINGUAGEM DE PROGRAMAÇÃO I,TECNOLOGIA EM ANALISE E DESENVOLVIMENTO DE SISTEMAS,UAB,IFES
195,Fascículo LINGUAGEM DE PROGRAMAÇÃO II,LINGUAGEM DE PROGRAMAÇÃO II,LINGUAGEM DE PROGRAMAÇÃO II,TECNOLOGIA EM ANALISE E DESENVOLVIMENTO DE SISTEMAS,UAB,IFES
196,Fascículo LINGUAGEM DE PROGRAMAÇÃO II ,LINGUAGEM DE PROGRAMAÇÃO II ,LINGUAGEM DE PROGRAMAÇÃO II,TECNOLOGIA EM ANALISE E DESENVOLVIMENTO DE SISTEMAS,UAB,IFES
197,Fascículo ORGANIZAÇÃO ESTRUTURADA DE COMPUTADORES ,ORGANIZAÇÃO ESTRUTURADA DE COMPUTADORES,ORGANIZAÇÃO ESTRUTURADA DE COMPUTADORES,TECNOLOGIA EM ANALISE E DESENVOLVIMENTO DE SISTEMAS,UAB,IFES
198,Fascículo ORGANIZAÇÃO ESTRUTURADA DE COMPUTADORES ,ORGANIZAÇÃO ESTRUTURADA DE COMPUTADORES ,ORGANIZAÇÃO ESTRUTURADA DE COMPUTADORES,TECNOLOGIA EM ANALISE E DESENVOLVIMENTO DE SISTEMAS,UAB,IFES
199,Fascículo PROGRAMAÇÃO I ,PROGRAMAÇÃO I,PROGRAMAÇÃO I,TECNOLOGIA EM ANALISE E DESENVOLVIMENTO DE SISTEMAS,UAB,IFES
200,Fascículo PROGRAMAÇÃO II,PROGRAMAÇÃO II,PROGRAMAÇÃO II,TECNOLOGIA EM ANALISE E DESENVOLVIMENTO DE SISTEMAS,UAB,IFES
201,Fascículo PROGRAMAÇÃO II ,PROGRAMAÇÃO II,PROGRAMAÇÃO II,TECNOLOGIA EM ANALISE E DESENVOLVIMENTO DE SISTEMAS,UAB,IFES
202,Fascículo PROGRAMAÇÃO II ,PROGRAMAÇÃO II ,PROGRAMAÇÃO II,TECNOLOGIA EM ANALISE E DESENVOLVIMENTO DE SISTEMAS,UAB,IFES
203,Fascículo PROGRAMAÇÃO PARA INTERNET,PROGRAMAÇÃO PARA INTERNET,PROGRAMAÇÃO PARA INTERNET,TECNOLOGIA EM ANALISE E DESENVOLVIMENTO DE SISTEMAS,UAB,IFES
204,Fascículo PROGRAMAÇÃO PARA INTERNET ,PROGRAMAÇÃO PARA INTERNET ,PROGRAMAÇÃO PARA INTERNET,TECNOLOGIA EM ANALISE E DESENVOLVIMENTO DE SISTEMAS,UAB,IFES
205,Fascículo PROJETO DE SISTEMAS PARA INTERNET,PROJETO DE SISTEMAS PARA INTERNET,PROJETO DE SISTEMAS PARA INTERNET,TECNOLOGIA EM ANALISE E DESENVOLVIMENTO DE SISTEMAS,UAB,IFES
206,Fascículo PROJETO DE SISTEMAS PARA INTERNET ,PROJETO DE SISTEMAS PARA INTERNET ,PROJETO DE SISTEMAS PARA INTERNET,TECNOLOGIA EM ANALISE E DESENVOLVIMENTO DE SISTEMAS,UAB,IFES
207,Fascículo PROJETOS DE SISTEMAS,PROJETOS DE SISTEMAS,PROJETOS DE SISTEMAS,TECNOLOGIA EM ANALISE E DESENVOLVIMENTO DE SISTEMAS,UAB,IFES
208,Fascículo PROJETOS DE SISTEMAS ,PROJETOS DE SISTEMAS ,PROJETOS DE SISTEMAS,TECNOLOGIA EM ANALISE E DESENVOLVIMENTO DE SISTEMAS,UAB,IFES
209,Fascículo Redes de Computadores,Redes de Computadores,Redes de Computadores,INFORMATICA,UAB,IFES
210,Fascículo Redes de Computadores,Redes de Computadores,REDES DE COMPUTADORES,TECNOLOGIA EM ANALISE E DESENVOLVIMENTO DE SISTEMAS,UAB,IFES
211,Fascículo Redes de Computadores,Redes de Computadores,REDES DE COMPUTADORES,TECNOLOGIA EM ANALISE E DESENVOLVIMENTO DE SISTEMAS,UAB,IFES
212,Fascículo Redes de Computadores ,Redes de Computadores ,Redes de Computadores,INFORMATICA,UAB,IFES
213,Fascículo SISTEMAS DE INFORMAÇÕES GERENCIAIS,SISTEMAS DE INFORMAÇÕES GERENCIAIS,SISTEMAS DE INFORMAÇÕES GERENCIAIS,TECNOLOGIA EM ANALISE E DESENVOLVIMENTO DE SISTEMAS,UAB,IFES
214,Fascículo SISTEMAS DE INFORMAÇÕES GERENCIAIS ,SISTEMAS DE INFORMAÇÕES GERENCIAIS ,SISTEMAS DE INFORMAÇÕES GERENCIAIS,TECNOLOGIA EM ANALISE E DESENVOLVIMENTO DE SISTEMAS,UAB,IFES
215,Fascículo SISTEMAS OPERACIONAIS I ,Sistemas Operacionais,SISTEMAS OPERACIONAIS I,TECNOLOGIA EM ANALISE E DESENVOLVIMENTO DE SISTEMAS,UAB,IFES
216,Fascículo SISTEMAS OPERACIONAIS I ,Sistemas Operacionais I,SISTEMAS OPERACIONAIS I,TECNOLOGIA EM ANALISE E DESENVOLVIMENTO DE SISTEMAS,UAB,IFES
217,Fascículo SISTEMAS OPERACIONAIS II,SISTEMAS OPERACIONAIS II,SISTEMAS OPERACIONAIS II,TECNOLOGIA EM ANALISE E DESENVOLVIMENTO DE SISTEMAS,UAB,IFES
218,Fascículo SISTEMAS OPERACIONAIS II ,SISTEMAS OPERACIONAIS II ,SISTEMAS OPERACIONAIS II,TECNOLOGIA EM ANALISE E DESENVOLVIMENTO DE SISTEMAS,UAB,IFES
219,Fascículo Software Educacional e Objetos de Aprendizagem ,Software Educacional e Objetos de Aprendizagem ,Software Educacional e Objetos de Aprendizagem,INFORMATICA NA EDUCACAO,UAB,IFES
220,Fascículo Software Educacional e Objetos de Aprendizagem ,Software Educacional e Objetos de Aprendizagem ,Software Educacional e Objetos de Aprendizagem,INFORMATICA NA EDUCACAO,UAB,IFES
221,Fascículo Técnicas de Programação,PROGRAMAÇÃO I ,PROGRAMAÇÃO I,TECNOLOGIA EM ANALISE E DESENVOLVIMENTO DE SISTEMAS,UAB,IFES
222,Fascículo Técnicas de Programação,Técnicas de Programação,Técnicas de Programação,INFORMATICA,UAB,IFES
223,Fascículo Técnicas de Programação ,Técnicas de Programação,Técnicas de Programação,INFORMATICA,UAB,IFES
224,Fascículo TÉCNICAS DE PROGRAMAÇÃO AVANÇADA ,TÉCNICAS DE PROGRAMAÇÃO AVANÇADAS ,TÉCNICAS DE PROGRAMAÇÃO AVANÇADAS,TECNOLOGIA EM ANALISE E DESENVOLVIMENTO DE SISTEMAS,UAB,IFES
225,Fascículo TÉCNICAS DE PROGRAMAÇÃO AVANÇADAS ,TÉCNICAS DE PROGRAMAÇÃO AVANÇADAS,TÉCNICAS DE PROGRAMAÇÃO AVANÇADAS,TECNOLOGIA EM ANALISE E DESENVOLVIMENTO DE SISTEMAS,UAB,IFES
226,Fudamentos de Redes de Computadores,Redes de Computadores,Fundamentos de Redes de Computadores,COMPUTACAO,UAB,UFJF
227,Fundamento da Computação,Fundamento da Computação,Fundamentos da Computação,INFORMATICA NA EDUCACAO,UAB,UFMT
228,Fundamentos da Computação,Introdução à Computação,Fundamentos da Computação,INFORMATICA NA EDUCACAO,UAB,UFMT
229,Fundamentos da Organização de Computadores,Organização de Computadores,Fundamentos da Organização de Computadores,COMPUTACAO,UAB,UFJF
230,FUNDAMENTOS DE BANCO DE DADOS,FUNDAMENTOS DE BANCO DE DADOS,FUNDAMENTOS DE BANCO DE DADOS,TECNOLOGIA EM SISTEMA PARA INTERNET,UAB,IFMT
231,FUNDAMENTOS DE ENGENHARIA DE SOFTWARE,ENGENHARIA DE SOFTWARE,Fundamentos de Engenharia de Software,COMPUTACAO,UAB,UECE
232,Fundamentos de Redes de Computadores,Redes de Computadores,Fundamentos de Redes de Computadores,COMPUTACAO,UAB,UFJF
233,FUNDAMENTOS DE REDES DE COMPUTADORES ,FUNDAMENTOS DE REDES DE COMPUTADORES ,FUNDAMENTOS DE REDES DE COMPUTADORES,TECNOLOGIA EM SISTEMA PARA INTERNET,UAB,IFMT
234,FUNDAMENTOS DE SISTEMAS DE INFORMAÇÃO,FUNDAMENTOS DE SISTEMAS DE INFORMAÇÃO,Fundamentos de Sistemas de Informação ,INFORMATICA,UAB,IFES
235,Gerência de Projetos de Sistemas,Gerência de Projetos de Sistemas,GERÊNCIA DE PROJETOS DE SISTEMAS,TECNOLOGIA EM SISTEMAS PARA INTERNET A DISTANCIA,UAB,IFSul
236,Gerenciamento de Redes de Computadores,Gerenciamento de Redes de Computadores,GERENCIAMENTO DE REDES DE COMPUTADORES,TECNOLOGIA EM SISTEMAS PARA INTERNET A DISTANCIA,UAB,IFSul
237,Hardware de Computadores,Hardware de Computadores,HARDWARE DE COMPUTADORES,TECNOLOGIA EM SISTEMAS PARA INTERNET A DISTANCIA,UAB,IFSul
238,INF001 - Introdução ao Computador,Introdução ao Computador,Introdução ao Computador,INFORMATICA INSTRUMENTAL PARA PROFESSORES DA EDUCACAO BASICA,UAB,UFRGS
239,INF002 - Operação de Computador,Operação de Computador,Operação de Computadores,INFORMATICA INSTRUMENTAL PARA PROFESSORES DA EDUCACAO BASICA,UAB,UFRGS
240,INF013 - Software Educativos,Software Educativos,Softwares Educativos,INFORMATICA INSTRUMENTAL PARA PROFESSORES DA EDUCACAO BASICA,UAB,UFRGS
241,INF016 - Sistemas de Autoria,Sistemas de Autoria,Sistemas de Autoria,INFORMATICA INSTRUMENTAL PARA PROFESSORES DA EDUCACAO BASICA,UAB,UFRGS
242,Infográfico 1 - Taxonomia de Podcast,Sistemas Multimídia ,Sistemas Multimídia,INFORMATICA,UAB,IFES
243,Infográfico 2 - Estrutura básica de uma página HTML,Sistemas Multimídia ,Sistemas Multimídia,INFORMATICA,UAB,IFES
244,INFORMÁTICA E SOCIEDADE,INFORMÁTICA E SOCIEDADE,INFORMÁTICA E SOCIEDADE,TECNOLOGIA EM ANALISE E DESENVOLVIMENTO DE SISTEMAS,UAB,IFES
245,Instalação do Dev C++,Linguagem de Programação I ,Linguagem de Programação I ,INFORMATICA,UAB,IFES
246,INTRODUÇÃO A COMPUTAÇÃO,INTRODUÇÃO A COMPUTAÇÃO,Introdução a Computação,COMPUTACAO,UAB,UECE
247,INTRODUÇÃO À COMPUTAÇÃO,INTRODUÇÃO À COMPUTAÇÃO,Introdução a Computação,CIENCIAS DA COMPUTACAO,UAB,UNEB
248,INTRODUÇÃO À INFORMÁTICA,INTRODUÇÃO À INFORMÁTICA,Introdução a Informática,INFORMATICA,UAB,IFES
249,Introdução a Informatica em Saude - Overview,Informatica em Saude,INTRODUÇÃO À INFORMÁTICA EM SAÚDE,INFORMATICA EM SAUDE,UAB,UNIFESP
250,Introdução à informática. v. único,TECNOLOGIA EM SISTEMAS DE COMPUTAÇÃO,INTRODUÇÃO A INFORMÁTICA,TECNOLOGIA EM SISTEMAS DE COMPUTACAO,UAB,UFF
251,Introdução aos Sistemas Operacionais,Sistemas Operacionais,Introdução aos Sistemas Operacionais,COMPUTACAO,UAB,UFJF
252,Laboratório de Informática,Laboratório de Informática,Laboratório de Informática,COMPUTACAO,UAB,UECE
253,LI_4P_TecProg_VideoApres,Técnicas de Programação ,Técnicas de Programação,INFORMATICA,UAB,IFES
254,Linguagem de Programação I,Linguagem de Programação,Linguagem de Programação I,COMPUTACAO,UAB,UFJF
255,Linguagem de Programação I,Linguagem de Programação,Linguagem de Programação I,COMPUTACAO,UAB,UFJF
256,LINGUAGEM DE PROGRAMAÇÃO I,LINGUAGEM DE PROGRAMAÇÃO,LINGUAGEM DE PROGRAMAÇÃO I,TECNOLOGIA EM ANALISE E DESENVOLVIMENTO DE SISTEMAS,UAB,IFES
257,LINGUAGEM DE PROGRAMAÇÃO I,LINGUAGEM DE PROGRAMAÇÃO ,Linguagem de Programação I ,INFORMATICA,UAB,IFES
258,Linguagem de Programação II,Linguagem de Programação II,LINGUAGEM DE PROGRAMAÇÃO II,TECNOLOGIA EM ANALISE E DESENVOLVIMENTO DE SISTEMAS,UAB,IFES
259,Linguagem de Programação Orientada a Objetos,Linguagem de Programação Orientada a Objetos,LINGUAGEM DE PROGRAMAÇÃO ORIENTADA A OBJETOS,TECNOLOGIA EM SISTEMAS PARA INTERNET A DISTANCIA,UAB,IFSul
260,LINGUAGEM DE PROGRAMAÇÃO ORIENTADA A OBJETOS ,LINGUAGEM DE PROGRAMAÇÃO ORIENTADA A OBJETOS ,LINGUAGEM DE PROGRAMAÇÃO ORIENTADA A OBJETOS,TECNOLOGIA EM SISTEMA PARA INTERNET,UAB,IFMT
261,Linguagem de Programação para Animação Web,Linguagem de Programação para Animação Web,LINGUAGEM DE PROGRAMAÇÃO PARA ANIMAÇÃO WEB,TECNOLOGIA EM SISTEMAS PARA INTERNET A DISTANCIA,UAB,IFSul
262,Linguagem de Programação para WEB,Linguagem de Programação para WEB,LINGUAGEM DE PROGRAMAÇÃO PARA WEB,TECNOLOGIA EM SISTEMAS PARA INTERNET A DISTANCIA,UAB,IFSul
263,Linguagem de Programação Visual,Linguagem de Programação Visual,LINGUAGEM DE PROGRAMAÇÃO VISUAL,TECNOLOGIA EM SISTEMAS PARA INTERNET A DISTANCIA,UAB,IFSul
264,LINGUAGEM E PROGRAMAÇÃO I,LINGUAGEM E PROGRAMAÇÃO I,Liguagem de Programação I,COMPUTACAO,UAB,UECE
265,LINGUAGEM E PROGRAMAÇÃO II,LINGUAGEM E PROGRAMAÇÃO II,Linguagem de Programação II,COMPUTACAO,UAB,UECE
266,LI_RedesComp_VideoApres,Redes de Computadores ,Redes de Computadores,INFORMATICA,UAB,IFES
267,Lista 1 de Exercícios da Disciplina Sistemas Inteligentes,Lista 1 de Exercícios da Disciplina Sistemas Inteligentes,Sistemas Inteligentes,TECNOLOGIAS E SISTEMAS DE INFORMACAO,UAB,UFABC
268,Li_TecProg_Anima2_Listas,Técnicas de Programação ,Técnicas de Programação,INFORMATICA,UAB,IFES
269,LI_TecProg_Anima3_Filas,Técnicas de Programação ,Técnicas de Programação,INFORMATICA,UAB,IFES
270,LI_TecProg_Anima4_Pilha,Técnicas de Programação ,Técnicas de Programação,INFORMATICA,UAB,IFES
271,Livro - Informática na Educação,Introdução a Informática: Computador Ferramenta,Introdução a Informática: computador ferramenta,INFORMATICA NA EDUCACAO,UAB,IFES
272,Lógica de Programação,Lógica de Programação,LÓGICA DE PROGRAMAÇÃO ,TECNOLOGIA EM SISTEMAS PARA INTERNET A DISTANCIA,UAB,IFSul
273,Material Impresso - Auditoria e Segurança de Sistemas,Auditoria e Seguranaça de Sistemas,AUDITORIA E SEGURANÇA DE SISTEMAS,TECNOLOGIA EM ANALISE E DESENVOLVIMENTO DE SISTEMAS,UAB,IFES
274,Material Impresso - Informática e Sociedade,Informática e Sociedade,INFORMÁTICA E SOCIEDADE,TECNOLOGIA EM ANALISE E DESENVOLVIMENTO DE SISTEMAS,UAB,IFES
275,Material Impresso - Programação I,Programação I,PROGRAMAÇÃO I,TECNOLOGIA EM ANALISE E DESENVOLVIMENTO DE SISTEMAS,UAB,IFES
276,Material Impresso - Programação para Internet,Programação para Internet,PROGRAMAÇÃO PARA INTERNET,TECNOLOGIA EM ANALISE E DESENVOLVIMENTO DE SISTEMAS,UAB,IFES
277,Material Impresso - Projeto de Sistemas para Internet,Projeto de Sistemas para Internet,PROJETO DE SISTEMAS PARA INTERNET,TECNOLOGIA EM ANALISE E DESENVOLVIMENTO DE SISTEMAS,UAB,IFES
278,Metodologia da Pesquisa em Informatica em Saude,Informatica em Saude,METODOLOGIA CIENTÍFICA DA PESQUISA EM INFORMÁTICA EM SAÚDE,INFORMATICA EM SAUDE,UAB,UNIFESP
279,PESQUISA E ORDENAÇÃO DE DADOS,PESQUISA E ORDENAÇÃO DE DADOS,Pesquisa e Ordenação de Dados,COMPUTACAO,UAB,UECE
280,Podcast 1 - Por que trabalhar com Software Livre na educação?,Sistemas Multimídia ,Sistemas Multimídia,INFORMATICA,UAB,IFES
281,PROGRAMAÇÃO I,Programação,PROGRAMAÇÃO I,TECNOLOGIA EM ANALISE E DESENVOLVIMENTO DE SISTEMAS,UAB,IFES
282,PROGRAMAÇÃO PARA INTERNET,PROGRAMAÇÃO PARA INTERNET,PROGRAMAÇÃO PARA INTERNET,TECNOLOGIA EM ANALISE E DESENVOLVIMENTO DE SISTEMAS,UAB,IFES
283,Projeto de Banco de Dados Orientado a Objetos,Projeto de Banco de Dados Orientado a Objetos,PROJETO DE BANCO DE DADOS ORIENTADO A OBJETOS,TECNOLOGIA EM SISTEMAS PARA INTERNET A DISTANCIA,UAB,IFSul
284,Projeto de Banco de Dados Relacional,Projeto de Banco de Dados Relacional,PROJETO DE BANCO DE DADOS RELACIONAL,TECNOLOGIA EM SISTEMAS PARA INTERNET A DISTANCIA,UAB,IFSul
285,PROJETO DE SISTEMAS,PROJETO DE SISTEMAS,PROJETOS DE SISTEMAS,TECNOLOGIA EM ANALISE E DESENVOLVIMENTO DE SISTEMAS,UAB,IFES
286,PROJETO DE SISTEMAS PARA INTERNET,PROJETO DE SISTEMAS PARA INTERNET,PROJETO DE SISTEMAS PARA INTERNET,TECNOLOGIA EM ANALISE E DESENVOLVIMENTO DE SISTEMAS,UAB,IFES
287,Redes de Computadores,Redes de Computadores,REDES DE COMPUTADORES,TECNOLOGIA EM SISTEMAS PARA INTERNET A DISTANCIA,UAB,IFSul
288,REDES DE COMPUTADORES,REDES DE COMPUTADORES,Redes de Computadores,COMPUTACAO,UAB,UECE
289,REDES DE COMPUTADORES,REDES DE COMPUTADORES,REDES DE COMPUTADORES,TECNOLOGIA EM ANALISE E DESENVOLVIMENTO DE SISTEMAS,UAB,IFES
290,Segurança em Redes de Computadores,Segurança em Redes de Computadores,SEGURANÇA EM REDES DE COMPUTADORES,TECNOLOGIA EM SISTEMAS PARA INTERNET A DISTANCIA,UAB,IFSul
291,SERVIÇOS DE REDES DE COMPUTADORES ,SERVIÇOS DE REDES DE COMPUTADORES ,SERVIÇOS DE REDES DE COMPUTADORES,TECNOLOGIA EM SISTEMA PARA INTERNET,UAB,IFMT
292,Simuladores,Simuladores,LÓGICA DE PROGRAMAÇÃO ,TECNOLOGIA EM SISTEMAS PARA INTERNET A DISTANCIA,UAB,IFSul
293,Sistemas de Apoio a Decisao em Saude,Informatica em aude,SISTEMAS DE APOIO À DECISÃO,INFORMATICA EM SAUDE,UAB,UNIFESP
294,SISTEMAS DE INFORMAÇÕES GERENCIAIS,SISTEMAS DE INFORMAÇÕES GERENCIAIS,SISTEMAS DE INFORMAÇÕES GERENCIAIS,TECNOLOGIA EM ANALISE E DESENVOLVIMENTO DE SISTEMAS,UAB,IFES
295,SISTEMAS DE INFORMAÇÕES GERENCIAS,SISTEMAS DE INFORMAÇÕES GERENCIAS,SISTEMAS DE INFORMAÇÕES GERENCIAS,TECNOLOGIA EM SISTEMA PARA INTERNET,UAB,IFMT
296,Sistemas Inteligentes Aula 3 – Aquisição de Conhecimento,Sistemas Inteligentes Aula 3 – Aquisição de Conhecimento,Sistemas Inteligentes,TECNOLOGIAS E SISTEMAS DE INFORMACAO,UAB,UFABC
297,Sistemas Multimídia,Sistemas Multimídia,Sistemas Multimídia,INFORMATICA NA EDUCACAO,UAB,UFMT
298,Sistemas Multimidias,Sistemas Multimidias,Sistemas Multimídia,INFORMATICA NA EDUCACAO,UAB,UFMT
299,Sistemas Operacionais,Sistemas Operacionais,SISTEMAS OPERACIONAIS,TECNOLOGIA EM SISTEMAS PARA INTERNET A DISTANCIA,UAB,IFSul
300,Sistemas Operacionais,Sistemas Operacionais,SISTEMAS OPERACIONAIS ,TECNOLOGIA EM SISTEMA PARA INTERNET,UAB,IFMT
301,SISTEMAS OPERACIONAIS,SISTEMAS OPERACIONAIS,Sistemas Operacionais,COMPUTACAO,UAB,UECE
302,SISTEMAS OPERACIONAIS I,SISTEMAS OPERACIONAIS I,SISTEMAS OPERACIONAIS I,TECNOLOGIA EM ANALISE E DESENVOLVIMENTO DE SISTEMAS,UAB,IFES
303,SISTEMAS OPERACIONAIS II,SISTEMAS OPERACIONAIS II,SISTEMAS OPERACIONAIS II,TECNOLOGIA EM ANALISE E DESENVOLVIMENTO DE SISTEMAS,UAB,IFES
304,Sistemas Operacionais - Linux,Sistemas Operacionais,SISTEMAS OPERACIONAIS,TECNOLOGIA EM SISTEMAS PARA INTERNET A DISTANCIA,UAB,IFSul
305,Sistemas Operacionais - Windows,Sistemas Operacionais,SISTEMAS OPERACIONAIS,TECNOLOGIA EM SISTEMAS PARA INTERNET A DISTANCIA,UAB,IFSul
306,Sist_Intel_Aula1_IntroducaoMineração de Dados,IntroducaoMineração de Dados,Sistemas Inteligentes,TECNOLOGIAS E SISTEMAS DE INFORMACAO,UAB,UFABC
307,Sist_Intel_Aula3_Tutorial_Weka_Cubatao_2010_4a,Aprendizado de Máquina com WEKA,Sistemas Inteligentes,TECNOLOGIAS E SISTEMAS DE INFORMACAO,UAB,UFABC
308,Softwares Educacionais,Softwares Educacionais,Softwares Educacionais,INFORMATICA NA EDUCACAO,UAB,UFMT
309,Softwares Educacionais,Softwares Educacionais,Softwares Educacionais,INFORMATICA NA EDUCACAO,UAB,UFMT
310,Softwares Educacionais,Softwares usados na educação,Softwares Educacionais,INFORMATICA NA EDUCACAO,UAB,UFMT
311,TÉCNICAS DE PROGRAMAÇÃO AVANÇADA,TÉCNICAS DE PROGRAMAÇÃO AVANÇADA,TÉCNICAS DE PROGRAMAÇÃO AVANÇADAS,TECNOLOGIA EM ANALISE E DESENVOLVIMENTO DE SISTEMAS,UAB,IFES
312,Técnicas de Programação II,Técnicas de Programação II,Técnicas de Programação II,COMPUTACAO,UAB,UFGD
313,Técnicas de Programação II,Técnicas de Programação II,Técnicas de Programação II,COMPUTACAO,UAB,UFGD
314,TECNOLOGIAS DE DADOS PARA INTERNET ,TECNOLOGIAS DE DADOS PARA INTERNET ,TECNOLOGIAS DE DADOS PARA INTERNET,TECNOLOGIA EM SISTEMA PARA INTERNET,UAB,IFMT
315,Tecnologias em Redes de Computadores,Tecnologias em Redes de Computadores,TECNOLOGIAS EM REDES DE COMPUTADORES,TECNOLOGIA EM SISTEMAS PARA INTERNET A DISTANCIA,UAB,IFSul
316,Teoria de Banco de Dados,Teoria de Banco de Dados,TEORIA DE BANCO DE DADOS,TECNOLOGIA EM SISTEMAS PARA INTERNET A DISTANCIA,UAB,IFSul
317,Tutorial 1 - Conhecendo o Gimp,Sistemas Multimídia ,Sistemas Multimídia,INFORMATICA,UAB,IFES
318,Tutorial 4 - Como criar um CSS externo,Sistemas Multimídia ,Sistemas Multimídia,INFORMATICA,UAB,IFES
319,Tutorial 5 - Como criar outras páginas do webquest,Sistemas Multimídia ,Sistemas Multimídia,INFORMATICA,UAB,IFES
320,Tutorial 6 - Como hospedar seu webquest,Sistemas Multimídia ,Sistemas Multimídia,INFORMATICA,UAB,IFES
321,Tutorial BrModelo,Banco de Dados ,Banco de Dados,INFORMATICA,UAB,IFES
322,Tutorial de instalação do PostgreSQL 9.1,Banco de Dados ,Banco de Dados,INFORMATICA,UAB,IFES
323,Tutorial - Uso do Wiki na atividade em grupo,Sistemas Multimídia ,Sistemas Multimídia,INFORMATICA,UAB,IFES
324,Vídeo Apresentação,Auditoria e Seguranaça de Sistemas,AUDITORIA E SEGURANÇA DE SISTEMAS,TECNOLOGIA EM ANALISE E DESENVOLVIMENTO DE SISTEMAS,UAB,IFES
325,Vídeo Apresentação,Informática e Sociedade,INFORMÁTICA E SOCIEDADE,TECNOLOGIA EM ANALISE E DESENVOLVIMENTO DE SISTEMAS,UAB,IFES
326,Vídeo Apresentação,Introdução a Informática: Computador Ferramenta,Introdução a Informática: computador ferramenta,INFORMATICA NA EDUCACAO,UAB,IFES
327,Vídeo Apresentação,Programação I,PROGRAMAÇÃO I,TECNOLOGIA EM ANALISE E DESENVOLVIMENTO DE SISTEMAS,UAB,IFES
328,Vídeo Apresentação,Programação para Internet,PROGRAMAÇÃO PARA INTERNET,TECNOLOGIA EM ANALISE E DESENVOLVIMENTO DE SISTEMAS,UAB,IFES
329,Vídeo Apresentação,Projeto de Sistemas para Internet,PROJETO DE SISTEMAS PARA INTERNET,TECNOLOGIA EM ANALISE E DESENVOLVIMENTO DE SISTEMAS,UAB,IFES
330,Video apresentação da disciplina,Acessibilidade e Informática na Escola Inclusiva ,Acessibilidade e Informática na Escola Inclusiva,INFORMATICA NA EDUCACAO,UAB,IFES
331,Video apresentação da disciplina,Algoritmos,Algoritmos,INFORMATICA,UAB,IFES
332,Video apresentação da disciplina,Aplicativos Computacionais ,Sistemas Operacionais ,INFORMATICA,UAB,IFES
333,Video apresentação da disciplina,AUDITORIA E SEGURANÇA DE SISTEMAS,AUDITORIA E SEGURANÇA DE SISTEMAS,TECNOLOGIA EM ANALISE E DESENVOLVIMENTO DE SISTEMAS,UAB,IFES
334,Video apresentação da disciplina,BANCO DE DADOS I ,BANCO DE DADOS I,TECNOLOGIA EM ANALISE E DESENVOLVIMENTO DE SISTEMAS,UAB,IFES
335,Video apresentação da disciplina,BANCO DE DADOS II,BANCO DE DADOS II,TECNOLOGIA EM ANALISE E DESENVOLVIMENTO DE SISTEMAS,UAB,IFES
336,Video apresentação da disciplina,ENGENHARIA DE SOFTWARE ,ENGENHARIA DE SOFTWARE,TECNOLOGIA EM ANALISE E DESENVOLVIMENTO DE SISTEMAS,UAB,IFES
337,Video apresentação da disciplina,ENGENHARIA DE SOFTWARE ,ENGENHARIA DE SOFTWARE,TECNOLOGIA EM ANALISE E DESENVOLVIMENTO DE SISTEMAS,UAB,IFES
338,Video apresentação da disciplina,ÉTICA E LEGISLAÇÃO EM INFORMÁTICA,ÉTICA E LEGISLAÇÃO EM INFORMÁTICA,TECNOLOGIA EM ANALISE E DESENVOLVIMENTO DE SISTEMAS,UAB,IFES
339,Video apresentação da disciplina,Fundamentos de Sistemas de Informação ,Fundamentos de Sistemas de Informação ,INFORMATICA,UAB,IFES
340,Video apresentação da disciplina,Informática em Gestão Escolar,Informática em Gestão Escolar,INFORMATICA NA EDUCACAO,UAB,IFES
341,Video apresentação da disciplina,INFORMÁTICA E SOCIEDADE ,INFORMÁTICA E SOCIEDADE,TECNOLOGIA EM ANALISE E DESENVOLVIMENTO DE SISTEMAS,UAB,IFES
342,Video apresentação da disciplina,Introdução a Informática ,Introdução a Informática,INFORMATICA,UAB,IFES
343,Video apresentação da disciplina,Introdução a Informática: computador ferramenta,Introdução a Informática: computador ferramenta,INFORMATICA NA EDUCACAO,UAB,IFES
344,Video apresentação da disciplina,Introdução a Informática: computador ferramenta,Introdução a Informática: computador ferramenta,INFORMATICA NA EDUCACAO,UAB,IFES
345,Video apresentação da disciplina,Introdução a Informática: computador ferramenta ,Introdução a Informática: computador ferramenta,INFORMATICA NA EDUCACAO,UAB,IFES
346,Video apresentação da disciplina,Introdução a Organização de Computadores ,Introdução a Organização de Computadores,INFORMATICA NA EDUCACAO,UAB,IFES
347,Video apresentação da disciplina,Linguagem de Programação I,Linguagem de Programação I ,INFORMATICA,UAB,IFES
348,Video apresentação da disciplina,Linguagem de Programação I,LINGUAGEM DE PROGRAMAÇÃO I,TECNOLOGIA EM ANALISE E DESENVOLVIMENTO DE SISTEMAS,UAB,IFES
349,Video apresentação da disciplina,Linguagem de Programação II ,Linguagem de Programação II,INFORMATICA,UAB,IFES
350,Video apresentação da disciplina,LINGUAGEM DE PROGRAMAÇÃO II,LINGUAGEM DE PROGRAMAÇÃO II,TECNOLOGIA EM ANALISE E DESENVOLVIMENTO DE SISTEMAS,UAB,IFES
351,Video apresentação da disciplina,ORGANIZAÇÃO ESTRUTURADA DE COMPUTADORES,ORGANIZAÇÃO ESTRUTURADA DE COMPUTADORES,TECNOLOGIA EM ANALISE E DESENVOLVIMENTO DE SISTEMAS,UAB,IFES
352,Video apresentação da disciplina,PROGRAMAÇÃO I ,PROGRAMAÇÃO I,TECNOLOGIA EM ANALISE E DESENVOLVIMENTO DE SISTEMAS,UAB,IFES
353,Video apresentação da disciplina,PROGRAMAÇÃO II,PROGRAMAÇÃO II,TECNOLOGIA EM ANALISE E DESENVOLVIMENTO DE SISTEMAS,UAB,IFES
354,Video apresentação da disciplina,PROGRAMAÇÃO II,PROGRAMAÇÃO II,TECNOLOGIA EM ANALISE E DESENVOLVIMENTO DE SISTEMAS,UAB,IFES
355,Video apresentação da disciplina,PROGRAMAÇÃO PARA INTERNET,PROGRAMAÇÃO PARA INTERNET,TECNOLOGIA EM ANALISE E DESENVOLVIMENTO DE SISTEMAS,UAB,IFES
356,Video apresentação da disciplina,PROJETO DE SISTEMAS PARA INTERNET,PROJETO DE SISTEMAS PARA INTERNET,TECNOLOGIA EM ANALISE E DESENVOLVIMENTO DE SISTEMAS,UAB,IFES
357,Video apresentação da disciplina,Redes de Computadores,Redes de Computadores,INFORMATICA,UAB,IFES
358,Video apresentação da disciplina,Redes de Computadores,REDES DE COMPUTADORES,TECNOLOGIA EM ANALISE E DESENVOLVIMENTO DE SISTEMAS,UAB,IFES
359,Video apresentação da disciplina,SISTEMAS DE INFORMAÇÕES GERENCIAIS,SISTEMAS DE INFORMAÇÕES GERENCIAIS,TECNOLOGIA EM ANALISE E DESENVOLVIMENTO DE SISTEMAS,UAB,IFES
360,Video apresentação da disciplina,Sistemas Operacionais I,SISTEMAS OPERACIONAIS I,TECNOLOGIA EM ANALISE E DESENVOLVIMENTO DE SISTEMAS,UAB,IFES
361,Video apresentação da disciplina,SISTEMAS OPERACIONAIS II,SISTEMAS OPERACIONAIS II,TECNOLOGIA EM ANALISE E DESENVOLVIMENTO DE SISTEMAS,UAB,IFES
362,Video apresentação da disciplina,SISTEMAS OPERACIONAIS II ,SISTEMAS OPERACIONAIS II,TECNOLOGIA EM ANALISE E DESENVOLVIMENTO DE SISTEMAS,UAB,IFES
363,Video apresentação da disciplina,Software Educacional e Objetos de Aprendizagem ,Software Educacional e Objetos de Aprendizagem,INFORMATICA NA EDUCACAO,UAB,IFES
364,Vídeoaula - Capítulo 7,ANÁLISE DE SISTEMAS,ANÁLISE DE SISTEMAS,TECNOLOGIA EM ANALISE E DESENVOLVIMENTO DE SISTEMAS,UAB,IFES
365,Vídeoaula - Capítulo 8,ANÁLISE DE SISTEMAS,ANÁLISE DE SISTEMAS,TECNOLOGIA EM ANALISE E DESENVOLVIMENTO DE SISTEMAS,UAB,IFES
366,Vídeoaula - Capítulo 9,ANÁLISE DE SISTEMAS,ANÁLISE DE SISTEMAS,TECNOLOGIA EM ANALISE E DESENVOLVIMENTO DE SISTEMAS,UAB,IFES
367,Vídeoaula: Criação de Classes e Métodos Abstratos,Linguagem de Programação II ,Linguagem de Programação II,INFORMATICA,UAB,IFES
368,Videoaula da disciplina,Introdução a Organização de Computadores ,Introdução a Organização de Computadores,INFORMATICA NA EDUCACAO,UAB,IFES
369,Videoaula da disciplina - abertura da lição 1,Introdução a Organização de Computadores ,Introdução a Organização de Computadores,INFORMATICA NA EDUCACAO,UAB,IFES
370,Videoaula da disciplina - abertura da lição 2,Introdução a Organização de Computadores ,Introdução a Organização de Computadores,INFORMATICA NA EDUCACAO,UAB,IFES
371,Videoaula da disciplina - abertura da lição 3,Introdução a Organização de Computadores ,Introdução a Organização de Computadores,INFORMATICA NA EDUCACAO,UAB,IFES
372,Videoaula da disciplina - abertura da lição 4,Introdução a Organização de Computadores ,Introdução a Organização de Computadores,INFORMATICA NA EDUCACAO,UAB,IFES
373,Videoaula da disciplina - abertura da lição 5,Introdução a Organização de Computadores ,Introdução a Organização de Computadores,INFORMATICA NA EDUCACAO,UAB,IFES
374,Videoaula da disciplina - abertura da lição 6,Introdução a Organização de Computadores ,Introdução a Organização de Computadores,INFORMATICA NA EDUCACAO,UAB,IFES
375,Videoaula da disciplina Aspectos Constitucionais do Uso da Informática,ÉTICA E LEGISLAÇÃO EM INFORMÁTICA,ÉTICA E LEGISLAÇÃO EM INFORMÁTICA,TECNOLOGIA EM ANALISE E DESENVOLVIMENTO DE SISTEMAS,UAB,IFES
376,Videoaula da disciplina Propriedade Intelectual - Parte I ,ÉTICA E LEGISLAÇÃO EM INFORMÁTICA,ÉTICA E LEGISLAÇÃO EM INFORMÁTICA,TECNOLOGIA EM ANALISE E DESENVOLVIMENTO DE SISTEMAS,UAB,IFES
377,Videoaula da disciplina Propriedade Intelectual - Parte II,ÉTICA E LEGISLAÇÃO EM INFORMÁTICA,ÉTICA E LEGISLAÇÃO EM INFORMÁTICA,TECNOLOGIA EM ANALISE E DESENVOLVIMENTO DE SISTEMAS,UAB,IFES
378,Vídeoaula de auxílio à Tarefa 1: Heranças e Encapsulamentos,Linguagem de Programação II ,Linguagem de Programação II,INFORMATICA,UAB,IFES
379,Vídeoaula de auxílio à Tarefa 2: Estrutura de Dados,Linguagem de Programação II ,Linguagem de Programação II,INFORMATICA,UAB,IFES
380,Vídeoaula de auxílio à Tarefa 3: Interface Gráfica Swing parte 1,Linguagem de Programação II ,Linguagem de Programação II,INFORMATICA,UAB,IFES
381,Vídeoaula de auxílio à Tarefa 4: Interface Gráfica Swing parte 2,Linguagem de Programação II ,Linguagem de Programação II,INFORMATICA,UAB,IFES
382,Vídeoaula de Introdução à Java,Linguagem de Programação II ,Linguagem de Programação II,INFORMATICA,UAB,IFES
383,Vídeo Aula - Introdução à Engenharia de Software,Engenharia de Software ,Engenharia de Software,INFORMATICA,UAB,IFES
384,Vídeo Aula - Revisão,Linguagem de Programação I,Linguagem de Programação I ,INFORMATICA,UAB,IFES
385,Vídeoaula: Revisão para a prova 2,Linguagem de Programação II ,Linguagem de Programação II,INFORMATICA,UAB,IFES
386,Vídeoaula sobre Áudio 1,Sistemas Multimídia ,Sistemas Multimídia,INFORMATICA,UAB,IFES
387,Vídeoaula sobre Áudio 2,Sistemas Multimídia ,Sistemas Multimídia,INFORMATICA,UAB,IFES
388,Vídeoaula sobre Áudio 3,Sistemas Multimídia ,Sistemas Multimídia,INFORMATICA,UAB,IFES
389,Vídeoaula sobre Blog 1,Sistemas Multimídia ,Sistemas Multimídia,INFORMATICA,UAB,IFES
390,Vídeoaula sobre Blog 2 ,Sistemas Multimídia ,Sistemas Multimídia,INFORMATICA,UAB,IFES
391,Vídeoaula sobre CSS 2,Sistemas Multimídia ,Sistemas Multimídia,INFORMATICA,UAB,IFES
392,Vídeoaula sobre CSS 3,Sistemas Multimídia ,Sistemas Multimídia,INFORMATICA,UAB,IFES
393,Vídeoaula sobre HTML 1 ,Sistemas Multimídia ,Sistemas Multimídia,INFORMATICA,UAB,IFES
394,Vídeoaula sobre HTML 10,Sistemas Multimídia ,Sistemas Multimídia,INFORMATICA,UAB,IFES
395,Vídeoaula sobre HTML 2,Sistemas Multimídia,Sistemas Multimídia,INFORMATICA,UAB,IFES
396,Vídeoaula sobre HTML 3 ,Sistemas Multimídia ,Sistemas Multimídia,INFORMATICA,UAB,IFES
397,Vídeoaula sobre HTML 4,Sistemas Multimídia,Sistemas Multimídia,INFORMATICA,UAB,IFES
398,Vídeoaula sobre HTML 5,Sistemas Multimídia,Sistemas Multimídia,INFORMATICA,UAB,IFES
399,Vídeoaula sobre HTML 6,Sistemas Multimídia,Sistemas Multimídia,INFORMATICA,UAB,IFES
400,Vídeoaula sobre HTML 7,Sistemas Multimídia ,Sistemas Multimídia,INFORMATICA,UAB,IFES
401,Vídeoaula sobre HTML 8,Sistemas Multimídia ,Sistemas Multimídia,INFORMATICA,UAB,IFES
402,Vídeoaula sobre HTML 9 ,Sistemas Multimídia,Sistemas Multimídia,INFORMATICA,UAB,IFES
403,Vídeoaula sobre Imagens 1 ,Sistemas Multimídia ,Sistemas Multimídia,INFORMATICA,UAB,IFES
404,Vídeoaula sobre Imagens 2,Sistemas Multimídia,Sistemas Multimídia,INFORMATICA,UAB,IFES
405,Vídeoaula sobre Imagens 3,Sistemas Multimídia ,Sistemas Multimídia,INFORMATICA,UAB,IFES
406,Vídeoaula sobre Imagens 4,Sistemas Multimídia,Sistemas Multimídia,INFORMATICA,UAB,IFES
407,Vídeoaula sobre Imagens 5,Sistemas Multimídia ,Sistemas Multimídia,INFORMATICA,UAB,IFES
408,Vídeoaula sobre Imagens 6,Sistemas Multimídia ,Sistemas Multimídia,INFORMATICA,UAB,IFES
409,Vídeoaula sobre Imagens 7,Sistemas Multimídia ,Sistemas Multimídia,INFORMATICA,UAB,IFES
410,Vídeoaula sobre Inkspace 1,Sistemas Multimídia,Sistemas Multimídia,INFORMATICA,UAB,IFES
411,Vídeoaula sobre Inkspace 2,Sistemas Multimídia ,Sistemas Multimídia,INFORMATICA,UAB,IFES
412,Vídeoaula sobre Inkspace 3,Sistemas Multimídia,Sistemas Multimídia,INFORMATICA,UAB,IFES
413,Vídeoaula sobre Inkspace 4,Sistemas Multimídia,Sistemas Multimídia,INFORMATICA,UAB,IFES
414,Vídeoaula sobre Inkspace 5,Sistemas Multimídia ,Sistemas Multimídia,INFORMATICA,UAB,IFES
415,Vídeoaula sobre Inkspace 6,Sistemas Multimídia ,Sistemas Multimídia,INFORMATICA,UAB,IFES
416,Vídeoaula sobre sistemas de cores,Sistemas Multimídia,Sistemas Multimídia,INFORMATICA,UAB,IFES
417,Vídeo de apresentação da disciplina,Sistemas Multimídia ,Sistemas Multimídia,INFORMATICA,UAB,IFES
418,Video de apresentação da disciplina de Acessibilidade e Informática na Escola Inclusiva,Acessibilidade e Informática na Escola Inclusiva ,Acessibilidade e Informática na Escola Inclusiva,INFORMATICA NA EDUCACAO,UAB,IFES
419,Vídeo de apresentação da disciplina de Algoritmos,Algoritmos,Algoritmos,INFORMATICA,UAB,IFES
420,Vídeo de apresentaçăo da disciplina de Análise de sistemas,ANÁLISE DE SISTEMAS ,ANÁLISE DE SISTEMAS,TECNOLOGIA EM ANALISE E DESENVOLVIMENTO DE SISTEMAS,UAB,IFES
421,Vídeo de Apresentação da disciplina de Banco de Dados,Banco de Dados ,Banco de Dados,INFORMATICA,UAB,IFES
422,Video de apresentação da disciplina de computador ferramenta,Introdução a Informática,Introdução a Informática: computador ferramenta,INFORMATICA NA EDUCACAO,UAB,IFES
423,Video de apresentação da disciplina de computador ferramenta,Introdução a Informática: computador ferramenta ,Introdução a Informática: computador ferramenta,INFORMATICA NA EDUCACAO,UAB,IFES
424,Vídeo de Apresentação da disciplina de Engenharia de Software,Engenharia de Software ,Engenharia de Software,INFORMATICA,UAB,IFES
425,Video de apresentaçăo da disciplina de Informática em Gestăo Escolar,Informática em Gestão Escolar ,Informática em Gestão Escolar,INFORMATICA NA EDUCACAO,UAB,IFES
426,Video de apresentação da disciplina de Informática em Gestão Escolar,Informática em Gestão Escolar,Informática em Gestão Escolar,INFORMATICA NA EDUCACAO,UAB,IFES
427,Video de apresentação da disciplina de Introdução a Organização de Computadores,Introdução a organização de computadores,Introdução a Organização de Computadores,INFORMATICA NA EDUCACAO,UAB,IFES
428,Video de apresentação da disciplina de Introdução a Organização de Computadores,Introdução a Organização de Computadores,Introdução a Organização de Computadores,INFORMATICA NA EDUCACAO,UAB,IFES
429,Video de apresentação da disciplina de Introdução a Organização de Computadores,Introdução a Organização de Computadores ,Introdução a Organização de Computadores,INFORMATICA NA EDUCACAO,UAB,IFES
430,Vídeo de apresentação da disciplina de Linguagem de Programação II,Linguagem de Programação II ,Linguagem de Programação II,INFORMATICA,UAB,IFES
431,Video de apresentação da disciplina de Organização Estruturada de Computadores,ORGANIZAÇÃO ESTRUTURADA DE COMPUTADORES ,ORGANIZAÇÃO ESTRUTURADA DE COMPUTADORES,TECNOLOGIA EM ANALISE E DESENVOLVIMENTO DE SISTEMAS,UAB,IFES
432,Video de apresentação da disciplina de Programação 2,PROGRAMAÇÃO II ,PROGRAMAÇÃO II,TECNOLOGIA EM ANALISE E DESENVOLVIMENTO DE SISTEMAS,UAB,IFES
433,Vídeo de apresentação da disciplina de Sistemas de Informação Gerenciais,SISTEMAS DE INFORMAÇÕES GERENCIAIS ,SISTEMAS DE INFORMAÇÕES GERENCIAIS,TECNOLOGIA EM ANALISE E DESENVOLVIMENTO DE SISTEMAS,UAB,IFES
434,Vídeo de Apresentação da disciplina de Sistemas Multimídia,Sistemas Multimídia,Sistemas Multimídia,INFORMATICA,UAB,IFES
435,Vídeo de apresentaçăo da disciplina de Sistemas Operacionais,SISTEMAS OPERACIONAIS,SISTEMAS OPERACIONAIS I,TECNOLOGIA EM ANALISE E DESENVOLVIMENTO DE SISTEMAS,UAB,IFES
436,Video de apresentação da disciplina de Software Educacional e Objetos de Aprendizagem,Software Educacional e Objetos de Aprendizagem ,Software Educacional e Objetos de Aprendizagem,INFORMATICA NA EDUCACAO,UAB,IFES
437,Video de apresentação da disciplina de Software Educacional e Objetos de Aprendizagem,Software Educacional e Objetos de Aprendizagem ,Software Educacional e Objetos de Aprendizagem,INFORMATICA NA EDUCACAO,UAB,IFES
438,Vídeo de apresentaçăo da disciplina de técnicas de programação avançada,TÉCNICAS DE PROGRAMAÇÃO AVANÇADAS ,TÉCNICAS DE PROGRAMAÇÃO AVANÇADAS,TECNOLOGIA EM ANALISE E DESENVOLVIMENTO DE SISTEMAS,UAB,IFES
439,Vídeo de Apresentação da disciplina Fundamentos de Sistemas de Informação,Fundamentos de Sistemas de Informação ,Fundamentos de Sistemas de Informação ,INFORMATICA,UAB,IFES
440,Vídeo de apresentação da disciplina Linguagem de Programação |,Linguagem de Programação I ,Linguagem de Programação I ,INFORMATICA,UAB,IFES
441,Vídeo de Introdução,Linguagem de Programação I ,Linguagem de Programação I ,INFORMATICA,UAB,IFES
442,Vídeo introdutório: Classificação de Softwares Educativos,Software Educacional e Objetos de Aprendizagem ,Software Educacional e Objetos de Aprendizagem,INFORMATICA NA EDUCACAO,UAB,IFES
443,Vídeo introdutório: Classificação de Softwares Educativos,Software Educacional e Objetos de Aprendizagem ,Software Educacional e Objetos de Aprendizagem,INFORMATICA NA EDUCACAO,UAB,IFES
444,Video Tutorial - Apostila Cap05 - Exercício 03.a - Resolução,Algoritmos,Algoritmos,INFORMATICA,UAB,IFES
445,Video Tutorial - Armazenamento em Cache parte 1,Introdução a Informática ,Introdução a Informática,INFORMATICA,UAB,IFES
446,Video Tutorial - Armazenamento em Cache parte 2,Introdução a Informática ,Introdução a Informática,INFORMATICA,UAB,IFES
447,Video Tutorial Baixar e Instalar,Aplicativos Computacionais ,Sistemas Operacionais ,INFORMATICA,UAB,IFES
448,Video tutorial - BlueJ,LINGUAGEM DE PROGRAMAÇÃO II,LINGUAGEM DE PROGRAMAÇÃO II,TECNOLOGIA EM ANALISE E DESENVOLVIMENTO DE SISTEMAS,UAB,IFES
449,Vídeo Tutorial Calc (parte 1),Aplicativos Computacionais ,Sistemas Operacionais ,INFORMATICA,UAB,IFES
450,Video Tutorial Calc (parte 2),Aplicativos Computacionais ,Sistemas Operacionais ,INFORMATICA,UAB,IFES
451,Video Tutorial - Caminho de dados,ORGANIZAÇÃO ESTRUTURADA DE COMPUTADORES,ORGANIZAÇÃO ESTRUTURADA DE COMPUTADORES,TECNOLOGIA EM ANALISE E DESENVOLVIMENTO DE SISTEMAS,UAB,IFES
452,Video Tutorial Compilar e Executar 1º projeto,PROGRAMAÇÃO I,PROGRAMAÇÃO I,TECNOLOGIA EM ANALISE E DESENVOLVIMENTO DE SISTEMAS,UAB,IFES
453,Video Tutorial Corrida Espacial,Introdução a Informática ,Introdução a Informática,INFORMATICA,UAB,IFES
454,Video Tutorial Criar 1º Projeto Dev C++ ,PROGRAMAÇÃO I,PROGRAMAÇÃO I,TECNOLOGIA EM ANALISE E DESENVOLVIMENTO DE SISTEMAS,UAB,IFES
455,Video Tutorial -Diferenças entre Impressoras,Introdução a Informática ,Introdução a Informática,INFORMATICA,UAB,IFES
456,Video Tutorial Discos Rígidos,Introdução a Informática ,Introdução a Informática,INFORMATICA,UAB,IFES
457,Video Tutorial Disquetes,Introdução a Informática ,Introdução a Informática,INFORMATICA,UAB,IFES
458,Video Tutorial ENIAC,Introdução a Informática ,Introdução a Informática,INFORMATICA,UAB,IFES
459,Video Tutorial - Estruturas de Decisão - if..else,Linguagem de Programação I ,Linguagem de Programação I ,INFORMATICA,UAB,IFES
460,Video Tutorial - Estruturas de Decisão - if..else..if,Linguagem de Programação I ,Linguagem de Programação I ,INFORMATICA,UAB,IFES
461,Video Tutorial - Estruturas de Decisão - switch,Linguagem de Programação I ,Linguagem de Programação I ,INFORMATICA,UAB,IFES
462,Video Tutorial - Estruturas de Repetição - do..while,Linguagem de Programação I ,Linguagem de Programação I ,INFORMATICA,UAB,IFES
463,Video Tutorial - Estruturas de Repetição - while,Linguagem de Programação I ,Linguagem de Programação I ,INFORMATICA,UAB,IFES
464,Video Tutorial - Estruturas de Repetição - while,Linguagem de Programação I ,Linguagem de Programação I ,INFORMATICA,UAB,IFES
465,Video tutorial Exemplo 1 - Ponteiros Char,TÉCNICAS DE PROGRAMAÇÃO AVANÇADAS,TÉCNICAS DE PROGRAMAÇÃO AVANÇADAS,TECNOLOGIA EM ANALISE E DESENVOLVIMENTO DE SISTEMAS,UAB,IFES
466,Video tutorial Exemplo 2 - Ponteiros Int,TÉCNICAS DE PROGRAMAÇÃO AVANÇADAS,TÉCNICAS DE PROGRAMAÇÃO AVANÇADAS,TECNOLOGIA EM ANALISE E DESENVOLVIMENTO DE SISTEMAS,UAB,IFES
467,Vídeo tutorial - Ferramenta BrModelo,BANCO DE DADOS I ,BANCO DE DADOS I,TECNOLOGIA EM ANALISE E DESENVOLVIMENTO DE SISTEMAS,UAB,IFES
468,Video Tutorial - Ferramenta Visualg,Algoritmos,Algoritmos,INFORMATICA,UAB,IFES
469,Video tutorial Fila estática (com vetores),TÉCNICAS DE PROGRAMAÇÃO AVANÇADAS,TÉCNICAS DE PROGRAMAÇÃO AVANÇADAS,TECNOLOGIA EM ANALISE E DESENVOLVIMENTO DE SISTEMAS,UAB,IFES
470,Video Tutorial - Funcionamento do Computador parte 1 ,Introdução a Informática ,Introdução a Informática,INFORMATICA,UAB,IFES
471,Video Tutorial - Funcionamento do Computador parte 2,Introdução a Informática ,Introdução a Informática,INFORMATICA,UAB,IFES
472,Video Tutorial - História das Impressoras,Introdução a Informática ,Introdução a Informática,INFORMATICA,UAB,IFES
473,Video Tutorial Histórico da evolução,Introdução a Informática ,Introdução a Informática,INFORMATICA,UAB,IFES
474,Vídeo Tutorial Impressão,Aplicativos Computacionais ,Sistemas Operacionais ,INFORMATICA,UAB,IFES
475,Video Tutorial Instalar Dev C++,PROGRAMAÇÃO I,PROGRAMAÇÃO I,TECNOLOGIA EM ANALISE E DESENVOLVIMENTO DE SISTEMAS,UAB,IFES
476,Video Tutorial Interconexão dos periféricos,Introdução a Informática ,Introdução a Informática,INFORMATICA,UAB,IFES
477,Video tutorial Introdução a Ponteiros - Parte 2,PROGRAMAÇÃO II,PROGRAMAÇÃO II,TECNOLOGIA EM ANALISE E DESENVOLVIMENTO DE SISTEMAS,UAB,IFES
478,Video tutorial Introdução a Ponteiros - Parte 2,TÉCNICAS DE PROGRAMAÇÃO AVANÇADAS,TÉCNICAS DE PROGRAMAÇÃO AVANÇADAS,TECNOLOGIA EM ANALISE E DESENVOLVIMENTO DE SISTEMAS,UAB,IFES
479,Video Tutorial - Lista 01 - Exercício 02 - Resolução,Algoritmos,Algoritmos,INFORMATICA,UAB,IFES
480,Video Tutorial - Lista 02 - Exercício 06 - Resolução,Algoritmos,Algoritmos,INFORMATICA,UAB,IFES
481,Video Tutorial - Lista 03 - Exercício 02 - Resolução,Algoritmos,Algoritmos,INFORMATICA,UAB,IFES
482,Video Tutorial - Lista 04 - Exercício 02 - Resolução,Algoritmos,Algoritmos,INFORMATICA,UAB,IFES
483,Video Tutorial - Lista 05 - Exercício 05 - Resolução,Algoritmos,Algoritmos,INFORMATICA,UAB,IFES
484,Video Tutorial - Lista 06 - Exercício 03 - Resolução,Algoritmos,Algoritmos,INFORMATICA,UAB,IFES
485,Video Tutorial - Lista 07 - Exercício 02 - Resolução,Algoritmos,Algoritmos,INFORMATICA,UAB,IFES
486,Video Tutorial - Lista 08 - Exercício 02 - Resolução,Algoritmos,Algoritmos,INFORMATICA,UAB,IFES
487,Video tutorial Listas com arranjos,TÉCNICAS DE PROGRAMAÇÃO AVANÇADAS,TÉCNICAS DE PROGRAMAÇÃO AVANÇADAS,TECNOLOGIA EM ANALISE E DESENVOLVIMENTO DE SISTEMAS,UAB,IFES
488,Vídeo tutorial Magic Draw,PROJETOS DE SISTEMAS,PROJETOS DE SISTEMAS,TECNOLOGIA EM ANALISE E DESENVOLVIMENTO DE SISTEMAS,UAB,IFES
489,Video Tutorial - Manipulação de Ponteiros (1ª parte),Linguagem de Programação I ,Linguagem de Programação I ,INFORMATICA,UAB,IFES
490,Video Tutorial - Manipulação de Ponteiros (2ª parte),Linguagem de Programação I ,Linguagem de Programação I ,INFORMATICA,UAB,IFES
491,Video Tutorial - Manipulando Matrizes,Linguagem de Programação I ,Linguagem de Programação I ,INFORMATICA,UAB,IFES
492,Video Tutorial - Manipulando Vetores,Linguagem de Programação I ,Linguagem de Programação I ,INFORMATICA,UAB,IFES
493,Video Tutorial - Memória FLASH parte 1,Introdução a Informática ,Introdução a Informática,INFORMATICA,UAB,IFES
494,Video Tutorial - Memória FLASH parte 2,Introdução a Informática ,Introdução a Informática,INFORMATICA,UAB,IFES
495,Video Tutorial - Memória RAM parte 1,Introdução a Informática ,Introdução a Informática,INFORMATICA,UAB,IFES
496,Video Tutorial - Memória RAM parte 2,Introdução a Informática ,Introdução a Informática,INFORMATICA,UAB,IFES
497,Video Tutorial - Memória RAM parte 3,Introdução a Informática ,Introdução a Informática,INFORMATICA,UAB,IFES
498,Video Tutorial - microarquitetura - executando uma operação de soma,ORGANIZAÇÃO ESTRUTURADA DE COMPUTADORES,ORGANIZAÇÃO ESTRUTURADA DE COMPUTADORES,TECNOLOGIA EM ANALISE E DESENVOLVIMENTO DE SISTEMAS,UAB,IFES
499,Video Tutorial Modelagem de Dados - Parte I,BANCO DE DADOS I ,BANCO DE DADOS I,TECNOLOGIA EM ANALISE E DESENVOLVIMENTO DE SISTEMAS,UAB,IFES
500,Video Tutorial Modelagem de Dados - Parte II,BANCO DE DADOS I ,BANCO DE DADOS I,TECNOLOGIA EM ANALISE E DESENVOLVIMENTO DE SISTEMAS,UAB,IFES
501,Video Tutorial Modelagem de Dados - Parte III,BANCO DE DADOS I ,BANCO DE DADOS I,TECNOLOGIA EM ANALISE E DESENVOLVIMENTO DE SISTEMAS,UAB,IFES
502,Video Tutorial Modelagem de Dados - Parte IV,BANCO DE DADOS I ,BANCO DE DADOS I,TECNOLOGIA EM ANALISE E DESENVOLVIMENTO DE SISTEMAS,UAB,IFES
503,Video Tutorial Modelagem de Dados - Parte IX,BANCO DE DADOS I ,BANCO DE DADOS I,TECNOLOGIA EM ANALISE E DESENVOLVIMENTO DE SISTEMAS,UAB,IFES
504,Video Tutorial Modelagem de Dados - Parte V,BANCO DE DADOS I ,BANCO DE DADOS I,TECNOLOGIA EM ANALISE E DESENVOLVIMENTO DE SISTEMAS,UAB,IFES
505,Video Tutorial Modelagem de Dados - Parte VI,BANCO DE DADOS I ,BANCO DE DADOS I,TECNOLOGIA EM ANALISE E DESENVOLVIMENTO DE SISTEMAS,UAB,IFES
506,Video Tutorial Modelagem de Dados - Parte VII,BANCO DE DADOS I ,BANCO DE DADOS I,TECNOLOGIA EM ANALISE E DESENVOLVIMENTO DE SISTEMAS,UAB,IFES
507,Video Tutorial Modelagem de Dados - Parte VIII,BANCO DE DADOS I ,BANCO DE DADOS I,TECNOLOGIA EM ANALISE E DESENVOLVIMENTO DE SISTEMAS,UAB,IFES
508,Vídeo tutorial - Modelos básicos de gerenciamento das organizações,SISTEMAS DE INFORMAÇÕES GERENCIAIS ,SISTEMAS DE INFORMAÇÕES GERENCIAIS,TECNOLOGIA EM ANALISE E DESENVOLVIMENTO DE SISTEMAS,UAB,IFES
509,Video Tutorial Modularização ,TÉCNICAS DE PROGRAMAÇÃO AVANÇADAS,TÉCNICAS DE PROGRAMAÇÃO AVANÇADAS,TECNOLOGIA EM ANALISE E DESENVOLVIMENTO DE SISTEMAS,UAB,IFES
510,Video Tutorial NetBeans,Linguagem de Programação I,LINGUAGEM DE PROGRAMAÇÃO I,TECNOLOGIA EM ANALISE E DESENVOLVIMENTO DE SISTEMAS,UAB,IFES
511,Video Tutorial NetBeans ,Linguagem de Programação I,LINGUAGEM DE PROGRAMAÇÃO I,TECNOLOGIA EM ANALISE E DESENVOLVIMENTO DE SISTEMAS,UAB,IFES
512,Vídeo tutorial - Níveis hierárquicos na organização,SISTEMAS DE INFORMAÇÕES GERENCIAIS ,SISTEMAS DE INFORMAÇÕES GERENCIAIS,TECNOLOGIA EM ANALISE E DESENVOLVIMENTO DE SISTEMAS,UAB,IFES
513,Video Tutorial O funcionamento do mouse,Introdução a Informática ,Introdução a Informática,INFORMATICA,UAB,IFES
514,Vídeo Tutorial - Operdaores Lógicos: E e OU,Programação I,PROGRAMAÇÃO I,TECNOLOGIA EM ANALISE E DESENVOLVIMENTO DE SISTEMAS,UAB,IFES
515,Video Tutorial O processador e suas partes,Introdução a Informática ,Introdução a Informática,INFORMATICA,UAB,IFES
516,Video tutorial Passagem de parâmetro por valor e por referência,TÉCNICAS DE PROGRAMAÇÃO AVANÇADAS,TÉCNICAS DE PROGRAMAÇÃO AVANÇADAS,TECNOLOGIA EM ANALISE E DESENVOLVIMENTO DE SISTEMAS,UAB,IFES
517,Video Tutorial - Passagem por Valor e Referência,Algoritmos,Algoritmos,INFORMATICA,UAB,IFES
518,Video tutorial Pilha Estática,TÉCNICAS DE PROGRAMAÇÃO AVANÇADAS,TÉCNICAS DE PROGRAMAÇÃO AVANÇADAS,TECNOLOGIA EM ANALISE E DESENVOLVIMENTO DE SISTEMAS,UAB,IFES
519,Video Tutorial Pipeline,Introdução a Informática ,Introdução a Informática,INFORMATICA,UAB,IFES
520,Video Tutorial - Pipeline ,ORGANIZAÇÃO ESTRUTURADA DE COMPUTADORES,ORGANIZAÇÃO ESTRUTURADA DE COMPUTADORES,TECNOLOGIA EM ANALISE E DESENVOLVIMENTO DE SISTEMAS,UAB,IFES
521,Video tutorial Ponteiros para char,PROGRAMAÇÃO II,PROGRAMAÇÃO II,TECNOLOGIA EM ANALISE E DESENVOLVIMENTO DE SISTEMAS,UAB,IFES
522,Video tutorial Ponteiros para int,PROGRAMAÇÃO II,PROGRAMAÇÃO II,TECNOLOGIA EM ANALISE E DESENVOLVIMENTO DE SISTEMAS,UAB,IFES
523,Vídeo Tutorial - Precedência,Programação I,PROGRAMAÇÃO I,TECNOLOGIA EM ANALISE E DESENVOLVIMENTO DE SISTEMAS,UAB,IFES
524,Video Tutorial - Processador e suas partes,ORGANIZAÇÃO ESTRUTURADA DE COMPUTADORES,ORGANIZAÇÃO ESTRUTURADA DE COMPUTADORES,TECNOLOGIA EM ANALISE E DESENVOLVIMENTO DE SISTEMAS,UAB,IFES
525,Video tutorial Protótipo de Função ,TÉCNICAS DE PROGRAMAÇÃO AVANÇADAS,TÉCNICAS DE PROGRAMAÇÃO AVANÇADAS,TECNOLOGIA EM ANALISE E DESENVOLVIMENTO DE SISTEMAS,UAB,IFES
526,Video Tutorial - Série Conheça seu Micro - HD ,ORGANIZAÇÃO ESTRUTURADA DE COMPUTADORES,ORGANIZAÇÃO ESTRUTURADA DE COMPUTADORES,TECNOLOGIA EM ANALISE E DESENVOLVIMENTO DE SISTEMAS,UAB,IFES
527,Video Tutorial - Série Conheça seu Micro - Modem,ORGANIZAÇÃO ESTRUTURADA DE COMPUTADORES,ORGANIZAÇÃO ESTRUTURADA DE COMPUTADORES,TECNOLOGIA EM ANALISE E DESENVOLVIMENTO DE SISTEMAS,UAB,IFES
528,Video Tutorial - Série Conheça seu Micro - Placa de Áudio,ORGANIZAÇÃO ESTRUTURADA DE COMPUTADORES,ORGANIZAÇÃO ESTRUTURADA DE COMPUTADORES,TECNOLOGIA EM ANALISE E DESENVOLVIMENTO DE SISTEMAS,UAB,IFES
529,Video Tutorial - Série Conheça seu Micro - Placa Mãe,ORGANIZAÇÃO ESTRUTURADA DE COMPUTADORES,ORGANIZAÇÃO ESTRUTURADA DE COMPUTADORES,TECNOLOGIA EM ANALISE E DESENVOLVIMENTO DE SISTEMAS,UAB,IFES
530,Video Tutorial - Série Conheça seu Micro - Processador,ORGANIZAÇÃO ESTRUTURADA DE COMPUTADORES,ORGANIZAÇÃO ESTRUTURADA DE COMPUTADORES,TECNOLOGIA EM ANALISE E DESENVOLVIMENTO DE SISTEMAS,UAB,IFES
531,Vídeo tutorial - Sistemas de informação,SISTEMAS DE INFORMAÇÕES GERENCIAIS ,SISTEMAS DE INFORMAÇÕES GERENCIAIS,TECNOLOGIA EM ANALISE E DESENVOLVIMENTO DE SISTEMAS,UAB,IFES
532,Video tutorial sobre a cifra de César,PROGRAMAÇÃO II ,PROGRAMAÇÃO II,TECNOLOGIA EM ANALISE E DESENVOLVIMENTO DE SISTEMAS,UAB,IFES
533,Video Tutorial Surgimento do Mouse,Introdução a Informática ,Introdução a Informática,INFORMATICA,UAB,IFES
534,Video Tutorial -Temporização dos ciclos de execução,ORGANIZAÇÃO ESTRUTURADA DE COMPUTADORES,ORGANIZAÇÃO ESTRUTURADA DE COMPUTADORES,TECNOLOGIA EM ANALISE E DESENVOLVIMENTO DE SISTEMAS,UAB,IFES
535,Video tutorial Threads (Arquitetura e Implementação) ,Sistemas Operacionais I,SISTEMAS OPERACIONAIS I,TECNOLOGIA EM ANALISE E DESENVOLVIMENTO DE SISTEMAS,UAB,IFES
536,Video tutorial Threads (Introdução) Recurso ,Sistemas Operacionais I,SISTEMAS OPERACIONAIS I,TECNOLOGIA EM ANALISE E DESENVOLVIMENTO DE SISTEMAS,UAB,IFES
537,Video Tutorial Transições de Estado de um Processo,Sistemas Operacionais I,SISTEMAS OPERACIONAIS I,TECNOLOGIA EM ANALISE E DESENVOLVIMENTO DE SISTEMAS,UAB,IFES
538,Video tutorial Vetores e Ponteiros,TÉCNICAS DE PROGRAMAÇÃO AVANÇADAS ,TÉCNICAS DE PROGRAMAÇÃO AVANÇADAS,TECNOLOGIA EM ANALISE E DESENVOLVIMENTO DE SISTEMAS,UAB,IFES
539,Video Tutorial Writer,Aplicativos Computacionais ,Sistemas Operacionais ,INFORMATICA,UAB,IFES
540,Video Vídeo Tutorial Introdução a Ponteiros - Parte 1,PROGRAMAÇÃO II,PROGRAMAÇÃO II,TECNOLOGIA EM ANALISE E DESENVOLVIMENTO DE SISTEMAS,UAB,IFES
541,Video Vídeo Tutorial Introdução a Ponteiros - Parte 1,TÉCNICAS DE PROGRAMAÇÃO AVANÇADAS ,TÉCNICAS DE PROGRAMAÇÃO AVANÇADAS,TECNOLOGIA EM ANALISE E DESENVOLVIMENTO DE SISTEMAS,UAB,IFES
