LivroID,Titulo,Tema,Disciplina,Curso,IES
1,Algoritmos,Algoritmos,ALGORITMOS,TECNOLOGIA EM SISTEMA PARA INTERNET,B
2,Algoritmos,Algoritmos,Fundamentos da Organização de Computadores,COMPUTACAO,I
3,ALGORITMOS,ALGORITMOS,Algoritmos,INFORMATICA,A
4,Algoritmos e Programação,Algoritmos e Programação,Algoritmos e Programção,COMPUTACAO,D
5,ANÁLISE DE SISTEMAS,ANÁLISE DE SISTEMAS,ANÁLISE DE SISTEMAS,TECNOLOGIA EM ANALISE E DESENVOLVIMENTO DE SISTEMAS,A
6,ANÁLISE DE SISTEMAS ORIENTADOS A OBJETOS ,ANÁLISE DE SISTEMAS ORIENTADOS A OBJETOS ,ANÁLISE DE SISTEMAS ORIENTADOS A OBJETOS,TECNOLOGIA EM SISTEMA PARA INTERNET,B
7,Análise e Projeto de Sistemas de Informação Estruturados,Análise e Projeto de Sistemas de Informação Estruturados,ANÁLISE E PROJETOS DE SISTEMAS DE INFORMAÇÃO ESTRUTURADOS,TECNOLOGIA EM SISTEMAS PARA INTERNET A DISTANCIA,C
8,Análise e Projeto de Sistemas de Informação Orientados a Objetos,Análise e Projeto de Sistemas de Informação Orientados a Objetos,ANÁLISE E PROJETO DE SISTEMAS DE INFORMAÇÃO ORIENTADOS A OBJETOS,TECNOLOGIA EM SISTEMAS PARA INTERNET A DISTANCIA,C
44,APLICAÇÃO DE BANCO DE DADOS ,APLICAÇÃO DE BANCO DE DADOS ,APLICAÇÃO DE BANCO DE DADOS,TECNOLOGIA EM SISTEMA PARA INTERNET,B
45,APLICATIVOS COMPUTACIONAIS,APLICATIVOS COMPUTACIONAIS,Sistemas Operacionais ,INFORMATICA,A
46,Apostila da disciplina de Analise de sistemas,ANÁLISE DE SISTEMAS ,ANÁLISE DE SISTEMAS,TECNOLOGIA EM ANALISE E DESENVOLVIMENTO DE SISTEMAS,A
47,Apostila da disciplina de Sistemas de Informações Gerenciais,SISTEMAS DE INFORMAÇÕES GERENCIAIS,SISTEMAS DE INFORMAÇÕES GERENCIAIS,TECNOLOGIA EM ANALISE E DESENVOLVIMENTO DE SISTEMAS,A
48,Apostila da disciplina de Sistemas Operacionais ,SISTEMAS OPERACIONAIS ,SISTEMAS OPERACIONAIS I,TECNOLOGIA EM ANALISE E DESENVOLVIMENTO DE SISTEMAS,A
49,Apostila da disciplina de Técnicas de programação Avançada,TÉCNICAS DE PROGRAMAÇÃO AVANÇADAS,TÉCNICAS DE PROGRAMAÇÃO AVANÇADAS,TECNOLOGIA EM ANALISE E DESENVOLVIMENTO DE SISTEMAS,A
50,Apostila de Organização Estruturada de Computadores,ORGANIZAÇÃO ESTRUTURADA DE COMPUTADORES ,ORGANIZAÇÃO ESTRUTURADA DE COMPUTADORES,TECNOLOGIA EM ANALISE E DESENVOLVIMENTO DE SISTEMAS,A
51,Apostila de Programação 2,PROGRAMAÇÃO II,PROGRAMAÇÃO II,TECNOLOGIA EM ANALISE E DESENVOLVIMENTO DE SISTEMAS,A
52,Arquitetura de Computadores,Arquitetura de Computadores,Arquitetura de Computadores,COMPUTACAO,D
53,Arquitetura de Computadores,Arquitetura de Computadores,Arquitetura de Computadores,COMPUTACAO,E
54,AUDITORIA E SEGURANÇA DE SISTEMAS,AUDITORIA E SEGURANÇA DE SISTEMAS,AUDITORIA E SEGURANÇA DE SISTEMAS,TECNOLOGIA EM ANALISE E DESENVOLVIMENTO DE SISTEMAS,A
128,Banco de Dados,Banco de Dados,Banco de Dados,COMPUTACAO,D
129,BANCO DE DADOS I ,BANCO DE DADOS,BANCO DE DADOS I,TECNOLOGIA EM ANALISE E DESENVOLVIMENTO DE SISTEMAS,A
130,BANCO DE DADOS II,BANCO DE DADOS II,BANCO DE DADOS II,TECNOLOGIA EM ANALISE E DESENVOLVIMENTO DE SISTEMAS,A
133,Características de SO,Sistemas Operacionais,Software Livre,TECNOLOGIAS E SISTEMAS DE INFORMACAO,F
134,Comando 'para',Algoritmos,Algoritmos,INFORMATICA,A
135,Comando se então senão,Algoritmos,Algoritmos,INFORMATICA,A
136,Computador e Sociedade,Computador e Sociedade,Computador e Sociedade ,COMPUTACAO,H
138,CONSTRUÇÃO DE ALGORITMOS ,ALGORITMOS,CONSTRUÇÃO DE ALGORITMOS,SISTEMAS DE INFORMACAO,J
140,Educação a distância,Educação a distância,PROGRAMAÇÃO ORIENTADA A OBJETOS,SISTEMAS DE INFORMACAO,J
141,Engenharia de software,Engenharia de Software,ENGENHARIA DE SOFTWARE,TECNOLOGIA EM SISTEMAS PARA INTERNET A DISTANCIA,C
142,ENGENHARIA DE SOFTWARE,ENGENHARIA DE SOFTWARE,ENGENHARIA DE SOFTWARE,TECNOLOGIA EM ANALISE E DESENVOLVIMENTO DE SISTEMAS,A
143,Engenharia de Software I,Engenharia de Software I,Engenharia de Software I,COMPUTACAO,H
144,Estrutura de dados,Estrutura de dados,ESTRUTURA DE DADOS,TECNOLOGIA EM SISTEMA PARA INTERNET,B
145,Estrutura de Dados,Estrutura de Dados,Estrutura de Dados,COMPUTACAO,E
146,ESTRUTURA DE DADOS,ESTRUTURA DE DADOS,Estrutura de Dados,COMPUTACAO,D
147,Estrutura de Dados I,Estrutura de Dados I,Estrutura de Dados I,COMPUTACAO,H
148,Estrutura de Dados I,Estrutura de Dados I,Estrutura de Dados I,COMPUTACAO,H
149,Estrutura de Dados II,Estrutura de Dados II,Estrutura de Dados II,COMPUTACAO,H
150,Estrutura de Dados II,Estrutura de Dados II,Estrutura de Dados II,COMPUTACAO,H
151,Estrutura de SO,Sistemas Operacionais,Software Livre,TECNOLOGIAS E SISTEMAS DE INFORMACAO,F
154,Facísculo Sistemas Multimídia ,Sistemas Multimídia ,Sistemas Multimídia,INFORMATICA,A
157,Fascículo Algoritmos,Algoritmos,Algoritmos,INFORMATICA,A
158,Fascículo Algoritmos,Algoritmos ,Algoritmos,INFORMATICA,A
159,Fascículo ANÁLISE DE SISTEMAS,ANÁLISE DE SISTEMAS,ANÁLISE DE SISTEMAS,TECNOLOGIA EM ANALISE E DESENVOLVIMENTO DE SISTEMAS,A
160,Fascículo ANÁLISE DE SISTEMAS ,ANÁLISE DE SISTEMAS ,ANÁLISE DE SISTEMAS,TECNOLOGIA EM ANALISE E DESENVOLVIMENTO DE SISTEMAS,A
161,Fascículo Aplicativos Computacionais,Aplicativos Computacionais,Sistemas Operacionais ,INFORMATICA,A
162,Fascículo Aplicativos Computacionais,Aplicativos Computacionais ,Sistemas Operacionais ,INFORMATICA,A
163,Fascículo AUDITORIA E SEGURANÇA DE SISTEMAS,AUDITORIA E SEGURANÇA DE SISTEMAS,AUDITORIA E SEGURANÇA DE SISTEMAS,TECNOLOGIA EM ANALISE E DESENVOLVIMENTO DE SISTEMAS,A
164,Fascículo AUDITORIA E SEGURANÇA DE SISTEMAS ,AUDITORIA E SEGURANÇA DE SISTEMAS ,AUDITORIA E SEGURANÇA DE SISTEMAS,TECNOLOGIA EM ANALISE E DESENVOLVIMENTO DE SISTEMAS,A
165,Fascículo Banco de Dados ,Banco de Dados ,Banco de Dados,INFORMATICA,A
166,Fascículo BANCO DE DADOS I,BANCO DE DADOS I,BANCO DE DADOS I,TECNOLOGIA EM ANALISE E DESENVOLVIMENTO DE SISTEMAS,A
167,Fascículo BANCO DE DADOS I ,BANCO DE DADOS I ,BANCO DE DADOS I,TECNOLOGIA EM ANALISE E DESENVOLVIMENTO DE SISTEMAS,A
168,Fascículo BANCO DE DADOS II,BANCO DE DADOS II,BANCO DE DADOS II,TECNOLOGIA EM ANALISE E DESENVOLVIMENTO DE SISTEMAS,A
169,Fascículo BANCO DE DADOS II ,BANCO DE DADOS II ,BANCO DE DADOS II,TECNOLOGIA EM ANALISE E DESENVOLVIMENTO DE SISTEMAS,A
170,Fascículo da disciplina de Algoritmos,Algoritmos ,Algoritmos,INFORMATICA,A
171,Fascículo da Disciplina de Banco de Dados,Banco de Dados ,Banco de Dados,INFORMATICA,A
172,Fascículo da disciplina de Engenharia de Software,Engenharia de Software ,Engenharia de Software,INFORMATICA,A
173,Fascículo de Linguagem de Programação II ,Linguagem de Programação II ,Linguagem de Programação II,INFORMATICA,A
174,Fascículo ENGENHARIA DE SOFTWARE,ENGENHARIA DE SOFTWARE,Engenharia de Software,INFORMATICA,A
175,Fascículo ENGENHARIA DE SOFTWARE,ENGENHARIA DE SOFTWARE,Engenharia de Software,INFORMATICA,A
176,Fascículo ENGENHARIA DE SOFTWARE,ENGENHARIA DE SOFTWARE,ENGENHARIA DE SOFTWARE,TECNOLOGIA EM ANALISE E DESENVOLVIMENTO DE SISTEMAS,A
177,Fascículo ENGENHARIA DE SOFTWARE ,ENGENHARIA DE SOFTWARE ,ENGENHARIA DE SOFTWARE,TECNOLOGIA EM ANALISE E DESENVOLVIMENTO DE SISTEMAS,A
180,Fascículo Fundamentos de Sistemas de Informação,Fundamentos de Sistemas de Informação,Fundamentos de Sistemas de Informação ,INFORMATICA,A
181,Fascículo Fund. Sistemas de Informação,Fundamentos de Sistemas de Informação,Fundamentos de Sistemas de Informação ,INFORMATICA,A
184,Fascículo INFORMÁTICA E SOCIEDADE,INFORMÁTICA E SOCIEDADE,INFORMÁTICA E SOCIEDADE,TECNOLOGIA EM ANALISE E DESENVOLVIMENTO DE SISTEMAS,A
185,Fascículo INFORMÁTICA E SOCIEDADE ,INFORMÁTICA E SOCIEDADE ,INFORMÁTICA E SOCIEDADE,TECNOLOGIA EM ANALISE E DESENVOLVIMENTO DE SISTEMAS,A
186,Fascículo INTRODUÇÃO À INFORMÁTICA,Introdução a Informática,Introdução a Informática,INFORMATICA,A
187,Fascículo INTRODUÇÃO À INFORMÁTICA,Introdução a Informática,Introdução a Informática,INFORMATICA,A
191,Fascículo LINGUAGEM DE PROGRAMAÇÃO I,Linguagem de Programação I,Linguagem de Programação I ,INFORMATICA,A
192,Fascículo LINGUAGEM DE PROGRAMAÇÃO I,Linguagem de Programação I,Linguagem de Programação I ,INFORMATICA,A
193,Fascículo LINGUAGEM DE PROGRAMAÇÃO I,Linguagem de Programação I,LINGUAGEM DE PROGRAMAÇÃO I,TECNOLOGIA EM ANALISE E DESENVOLVIMENTO DE SISTEMAS,A
194,Fascículo LINGUAGEM DE PROGRAMAÇÃO I ,Linguagem de Programação I,LINGUAGEM DE PROGRAMAÇÃO I,TECNOLOGIA EM ANALISE E DESENVOLVIMENTO DE SISTEMAS,A
195,Fascículo LINGUAGEM DE PROGRAMAÇÃO II,LINGUAGEM DE PROGRAMAÇÃO II,LINGUAGEM DE PROGRAMAÇÃO II,TECNOLOGIA EM ANALISE E DESENVOLVIMENTO DE SISTEMAS,A
196,Fascículo LINGUAGEM DE PROGRAMAÇÃO II ,LINGUAGEM DE PROGRAMAÇÃO II ,LINGUAGEM DE PROGRAMAÇÃO II,TECNOLOGIA EM ANALISE E DESENVOLVIMENTO DE SISTEMAS,A
197,Fascículo ORGANIZAÇÃO ESTRUTURADA DE COMPUTADORES ,ORGANIZAÇÃO ESTRUTURADA DE COMPUTADORES,ORGANIZAÇÃO ESTRUTURADA DE COMPUTADORES,TECNOLOGIA EM ANALISE E DESENVOLVIMENTO DE SISTEMAS,A
198,Fascículo ORGANIZAÇÃO ESTRUTURADA DE COMPUTADORES ,ORGANIZAÇÃO ESTRUTURADA DE COMPUTADORES ,ORGANIZAÇÃO ESTRUTURADA DE COMPUTADORES,TECNOLOGIA EM ANALISE E DESENVOLVIMENTO DE SISTEMAS,A
199,Fascículo PROGRAMAÇÃO I ,PROGRAMAÇÃO I,PROGRAMAÇÃO I,TECNOLOGIA EM ANALISE E DESENVOLVIMENTO DE SISTEMAS,A
200,Fascículo PROGRAMAÇÃO II,PROGRAMAÇÃO II,PROGRAMAÇÃO II,TECNOLOGIA EM ANALISE E DESENVOLVIMENTO DE SISTEMAS,A
201,Fascículo PROGRAMAÇÃO II ,PROGRAMAÇÃO II,PROGRAMAÇÃO II,TECNOLOGIA EM ANALISE E DESENVOLVIMENTO DE SISTEMAS,A
202,Fascículo PROGRAMAÇÃO II ,PROGRAMAÇÃO II ,PROGRAMAÇÃO II,TECNOLOGIA EM ANALISE E DESENVOLVIMENTO DE SISTEMAS,A
203,Fascículo PROGRAMAÇÃO PARA INTERNET,PROGRAMAÇÃO PARA INTERNET,PROGRAMAÇÃO PARA INTERNET,TECNOLOGIA EM ANALISE E DESENVOLVIMENTO DE SISTEMAS,A
204,Fascículo PROGRAMAÇÃO PARA INTERNET ,PROGRAMAÇÃO PARA INTERNET ,PROGRAMAÇÃO PARA INTERNET,TECNOLOGIA EM ANALISE E DESENVOLVIMENTO DE SISTEMAS,A
205,Fascículo PROJETO DE SISTEMAS PARA INTERNET,PROJETO DE SISTEMAS PARA INTERNET,PROJETO DE SISTEMAS PARA INTERNET,TECNOLOGIA EM ANALISE E DESENVOLVIMENTO DE SISTEMAS,A
206,Fascículo PROJETO DE SISTEMAS PARA INTERNET ,PROJETO DE SISTEMAS PARA INTERNET ,PROJETO DE SISTEMAS PARA INTERNET,TECNOLOGIA EM ANALISE E DESENVOLVIMENTO DE SISTEMAS,A
207,Fascículo PROJETOS DE SISTEMAS,PROJETOS DE SISTEMAS,PROJETOS DE SISTEMAS,TECNOLOGIA EM ANALISE E DESENVOLVIMENTO DE SISTEMAS,A
208,Fascículo PROJETOS DE SISTEMAS ,PROJETOS DE SISTEMAS ,PROJETOS DE SISTEMAS,TECNOLOGIA EM ANALISE E DESENVOLVIMENTO DE SISTEMAS,A
209,Fascículo Redes de Computadores,Redes de Computadores,Redes de Computadores,INFORMATICA,A
210,Fascículo Redes de Computadores,Redes de Computadores,REDES DE COMPUTADORES,TECNOLOGIA EM ANALISE E DESENVOLVIMENTO DE SISTEMAS,A
211,Fascículo Redes de Computadores,Redes de Computadores,REDES DE COMPUTADORES,TECNOLOGIA EM ANALISE E DESENVOLVIMENTO DE SISTEMAS,A
212,Fascículo Redes de Computadores ,Redes de Computadores ,Redes de Computadores,INFORMATICA,A
213,Fascículo SISTEMAS DE INFORMAÇÕES GERENCIAIS,SISTEMAS DE INFORMAÇÕES GERENCIAIS,SISTEMAS DE INFORMAÇÕES GERENCIAIS,TECNOLOGIA EM ANALISE E DESENVOLVIMENTO DE SISTEMAS,A
214,Fascículo SISTEMAS DE INFORMAÇÕES GERENCIAIS ,SISTEMAS DE INFORMAÇÕES GERENCIAIS ,SISTEMAS DE INFORMAÇÕES GERENCIAIS,TECNOLOGIA EM ANALISE E DESENVOLVIMENTO DE SISTEMAS,A
215,Fascículo SISTEMAS OPERACIONAIS I ,Sistemas Operacionais,SISTEMAS OPERACIONAIS I,TECNOLOGIA EM ANALISE E DESENVOLVIMENTO DE SISTEMAS,A
216,Fascículo SISTEMAS OPERACIONAIS I ,Sistemas Operacionais I,SISTEMAS OPERACIONAIS I,TECNOLOGIA EM ANALISE E DESENVOLVIMENTO DE SISTEMAS,A
217,Fascículo SISTEMAS OPERACIONAIS II,SISTEMAS OPERACIONAIS II,SISTEMAS OPERACIONAIS II,TECNOLOGIA EM ANALISE E DESENVOLVIMENTO DE SISTEMAS,A
218,Fascículo SISTEMAS OPERACIONAIS II ,SISTEMAS OPERACIONAIS II ,SISTEMAS OPERACIONAIS II,TECNOLOGIA EM ANALISE E DESENVOLVIMENTO DE SISTEMAS,A
221,Fascículo Técnicas de Programação,PROGRAMAÇÃO I ,PROGRAMAÇÃO I,TECNOLOGIA EM ANALISE E DESENVOLVIMENTO DE SISTEMAS,A
222,Fascículo Técnicas de Programação,Técnicas de Programação,Técnicas de Programação,INFORMATICA,A
223,Fascículo Técnicas de Programação ,Técnicas de Programação,Técnicas de Programação,INFORMATICA,A
224,Fascículo TÉCNICAS DE PROGRAMAÇÃO AVANÇADA ,TÉCNICAS DE PROGRAMAÇÃO AVANÇADAS ,TÉCNICAS DE PROGRAMAÇÃO AVANÇADAS,TECNOLOGIA EM ANALISE E DESENVOLVIMENTO DE SISTEMAS,A
225,Fascículo TÉCNICAS DE PROGRAMAÇÃO AVANÇADAS ,TÉCNICAS DE PROGRAMAÇÃO AVANÇADAS,TÉCNICAS DE PROGRAMAÇÃO AVANÇADAS,TECNOLOGIA EM ANALISE E DESENVOLVIMENTO DE SISTEMAS,A
226,Fudamentos de Redes de Computadores,Redes de Computadores,Fundamentos de Redes de Computadores,COMPUTACAO,I
229,Fundamentos da Organização de Computadores,Organização de Computadores,Fundamentos da Organização de Computadores,COMPUTACAO,I
230,FUNDAMENTOS DE BANCO DE DADOS,FUNDAMENTOS DE BANCO DE DADOS,FUNDAMENTOS DE BANCO DE DADOS,TECNOLOGIA EM SISTEMA PARA INTERNET,B
231,FUNDAMENTOS DE ENGENHARIA DE SOFTWARE,ENGENHARIA DE SOFTWARE,Fundamentos de Engenharia de Software,COMPUTACAO,D
232,Fundamentos de Redes de Computadores,Redes de Computadores,Fundamentos de Redes de Computadores,COMPUTACAO,I
233,FUNDAMENTOS DE REDES DE COMPUTADORES ,FUNDAMENTOS DE REDES DE COMPUTADORES ,FUNDAMENTOS DE REDES DE COMPUTADORES,TECNOLOGIA EM SISTEMA PARA INTERNET,B
234,FUNDAMENTOS DE SISTEMAS DE INFORMAÇÃO,FUNDAMENTOS DE SISTEMAS DE INFORMAÇÃO,Fundamentos de Sistemas de Informação ,INFORMATICA,A
235,Gerência de Projetos de Sistemas,Gerência de Projetos de Sistemas,GERÊNCIA DE PROJETOS DE SISTEMAS,TECNOLOGIA EM SISTEMAS PARA INTERNET A DISTANCIA,C
236,Gerenciamento de Redes de Computadores,Gerenciamento de Redes de Computadores,GERENCIAMENTO DE REDES DE COMPUTADORES,TECNOLOGIA EM SISTEMAS PARA INTERNET A DISTANCIA,C
237,Hardware de Computadores,Hardware de Computadores,HARDWARE DE COMPUTADORES,TECNOLOGIA EM SISTEMAS PARA INTERNET A DISTANCIA,C
244,INFORMÁTICA E SOCIEDADE,INFORMÁTICA E SOCIEDADE,INFORMÁTICA E SOCIEDADE,TECNOLOGIA EM ANALISE E DESENVOLVIMENTO DE SISTEMAS,A
246,INTRODUÇÃO A COMPUTAÇÃO,INTRODUÇÃO A COMPUTAÇÃO,Introdução a Computação,COMPUTACAO,D
247,INTRODUÇÃO À COMPUTAÇÃO,INTRODUÇÃO À COMPUTAÇÃO,Introdução a Computação,CIENCIAS DA COMPUTACAO,K
248,INTRODUÇÃO À INFORMÁTICA,INTRODUÇÃO À INFORMÁTICA,Introdução a Informática,INFORMATICA,A
250,Introdução à informática. v. único,TECNOLOGIA EM SISTEMAS DE COMPUTAÇÃO,INTRODUÇÃO A INFORMÁTICA,TECNOLOGIA EM SISTEMAS DE COMPUTACAO,G
251,Introdução aos Sistemas Operacionais,Sistemas Operacionais,Introdução aos Sistemas Operacionais,COMPUTACAO,I
252,Laboratório de Informática,Laboratório de Informática,Laboratório de Informática,COMPUTACAO,D
254,Linguagem de Programação I,Linguagem de Programação,Linguagem de Programação I,COMPUTACAO,I
255,Linguagem de Programação I,Linguagem de Programação,Linguagem de Programação I,COMPUTACAO,I
256,LINGUAGEM DE PROGRAMAÇÃO I,LINGUAGEM DE PROGRAMAÇÃO,LINGUAGEM DE PROGRAMAÇÃO I,TECNOLOGIA EM ANALISE E DESENVOLVIMENTO DE SISTEMAS,A
257,LINGUAGEM DE PROGRAMAÇÃO I,LINGUAGEM DE PROGRAMAÇÃO ,Linguagem de Programação I ,INFORMATICA,A
258,Linguagem de Programação II,Linguagem de Programação II,LINGUAGEM DE PROGRAMAÇÃO II,TECNOLOGIA EM ANALISE E DESENVOLVIMENTO DE SISTEMAS,A
259,Linguagem de Programação Orientada a Objetos,Linguagem de Programação Orientada a Objetos,LINGUAGEM DE PROGRAMAÇÃO ORIENTADA A OBJETOS,TECNOLOGIA EM SISTEMAS PARA INTERNET A DISTANCIA,C
260,LINGUAGEM DE PROGRAMAÇÃO ORIENTADA A OBJETOS ,LINGUAGEM DE PROGRAMAÇÃO ORIENTADA A OBJETOS ,LINGUAGEM DE PROGRAMAÇÃO ORIENTADA A OBJETOS,TECNOLOGIA EM SISTEMA PARA INTERNET,B
262,Linguagem de Programação para WEB,Linguagem de Programação para WEB,LINGUAGEM DE PROGRAMAÇÃO PARA WEB,TECNOLOGIA EM SISTEMAS PARA INTERNET A DISTANCIA,C
263,Linguagem de Programação Visual,Linguagem de Programação Visual,LINGUAGEM DE PROGRAMAÇÃO VISUAL,TECNOLOGIA EM SISTEMAS PARA INTERNET A DISTANCIA,C
264,LINGUAGEM E PROGRAMAÇÃO I,LINGUAGEM E PROGRAMAÇÃO I,Liguagem de Programação I,COMPUTACAO,D
265,LINGUAGEM E PROGRAMAÇÃO II,LINGUAGEM E PROGRAMAÇÃO II,Linguagem de Programação II,COMPUTACAO,D
267,Lista 1 de Exercícios da Disciplina Sistemas Inteligentes,Lista 1 de Exercícios da Disciplina Sistemas Inteligentes,Sistemas Inteligentes,TECNOLOGIAS E SISTEMAS DE INFORMACAO,F
268,Li_TecProg_Anima2_Listas,Técnicas de Programação ,Técnicas de Programação,INFORMATICA,A
269,LI_TecProg_Anima3_Filas,Técnicas de Programação ,Técnicas de Programação,INFORMATICA,A
270,LI_TecProg_Anima4_Pilha,Técnicas de Programação ,Técnicas de Programação,INFORMATICA,A
272,Lógica de Programação,Lógica de Programação,LÓGICA DE PROGRAMAÇÃO ,TECNOLOGIA EM SISTEMAS PARA INTERNET A DISTANCIA,C
273,Material Impresso - Auditoria e Segurança de Sistemas,Auditoria e Seguranaça de Sistemas,AUDITORIA E SEGURANÇA DE SISTEMAS,TECNOLOGIA EM ANALISE E DESENVOLVIMENTO DE SISTEMAS,A
274,Material Impresso - Informática e Sociedade,Informática e Sociedade,INFORMÁTICA E SOCIEDADE,TECNOLOGIA EM ANALISE E DESENVOLVIMENTO DE SISTEMAS,A
275,Material Impresso - Programação I,Programação I,PROGRAMAÇÃO I,TECNOLOGIA EM ANALISE E DESENVOLVIMENTO DE SISTEMAS,A
276,Material Impresso - Programação para Internet,Programação para Internet,PROGRAMAÇÃO PARA INTERNET,TECNOLOGIA EM ANALISE E DESENVOLVIMENTO DE SISTEMAS,A
277,Material Impresso - Projeto de Sistemas para Internet,Projeto de Sistemas para Internet,PROJETO DE SISTEMAS PARA INTERNET,TECNOLOGIA EM ANALISE E DESENVOLVIMENTO DE SISTEMAS,A
279,PESQUISA E ORDENAÇÃO DE DADOS,PESQUISA E ORDENAÇÃO DE DADOS,Pesquisa e Ordenação de Dados,COMPUTACAO,D
281,PROGRAMAÇÃO I,Programação,PROGRAMAÇÃO I,TECNOLOGIA EM ANALISE E DESENVOLVIMENTO DE SISTEMAS,A
282,PROGRAMAÇÃO PARA INTERNET,PROGRAMAÇÃO PARA INTERNET,PROGRAMAÇÃO PARA INTERNET,TECNOLOGIA EM ANALISE E DESENVOLVIMENTO DE SISTEMAS,A
283,Projeto de Banco de Dados Orientado a Objetos,Projeto de Banco de Dados Orientado a Objetos,PROJETO DE BANCO DE DADOS ORIENTADO A OBJETOS,TECNOLOGIA EM SISTEMAS PARA INTERNET A DISTANCIA,C
284,Projeto de Banco de Dados Relacional,Projeto de Banco de Dados Relacional,PROJETO DE BANCO DE DADOS RELACIONAL,TECNOLOGIA EM SISTEMAS PARA INTERNET A DISTANCIA,C
285,PROJETO DE SISTEMAS,PROJETO DE SISTEMAS,PROJETOS DE SISTEMAS,TECNOLOGIA EM ANALISE E DESENVOLVIMENTO DE SISTEMAS,A
286,PROJETO DE SISTEMAS PARA INTERNET,PROJETO DE SISTEMAS PARA INTERNET,PROJETO DE SISTEMAS PARA INTERNET,TECNOLOGIA EM ANALISE E DESENVOLVIMENTO DE SISTEMAS,A
287,Redes de Computadores,Redes de Computadores,REDES DE COMPUTADORES,TECNOLOGIA EM SISTEMAS PARA INTERNET A DISTANCIA,C
288,REDES DE COMPUTADORES,REDES DE COMPUTADORES,Redes de Computadores,COMPUTACAO,D
289,REDES DE COMPUTADORES,REDES DE COMPUTADORES,REDES DE COMPUTADORES,TECNOLOGIA EM ANALISE E DESENVOLVIMENTO DE SISTEMAS,A
290,Segurança em Redes de Computadores,Segurança em Redes de Computadores,SEGURANÇA EM REDES DE COMPUTADORES,TECNOLOGIA EM SISTEMAS PARA INTERNET A DISTANCIA,C
291,SERVIÇOS DE REDES DE COMPUTADORES ,SERVIÇOS DE REDES DE COMPUTADORES ,SERVIÇOS DE REDES DE COMPUTADORES,TECNOLOGIA EM SISTEMA PARA INTERNET,B
292,Simuladores,Simuladores,LÓGICA DE PROGRAMAÇÃO ,TECNOLOGIA EM SISTEMAS PARA INTERNET A DISTANCIA,C
294,SISTEMAS DE INFORMAÇÕES GERENCIAIS,SISTEMAS DE INFORMAÇÕES GERENCIAIS,SISTEMAS DE INFORMAÇÕES GERENCIAIS,TECNOLOGIA EM ANALISE E DESENVOLVIMENTO DE SISTEMAS,A
295,SISTEMAS DE INFORMAÇÕES GERENCIAS,SISTEMAS DE INFORMAÇÕES GERENCIAS,SISTEMAS DE INFORMAÇÕES GERENCIAS,TECNOLOGIA EM SISTEMA PARA INTERNET,B
299,Sistemas Operacionais,Sistemas Operacionais,SISTEMAS OPERACIONAIS,TECNOLOGIA EM SISTEMAS PARA INTERNET A DISTANCIA,C
300,Sistemas Operacionais,Sistemas Operacionais,SISTEMAS OPERACIONAIS ,TECNOLOGIA EM SISTEMA PARA INTERNET,B
301,SISTEMAS OPERACIONAIS,SISTEMAS OPERACIONAIS,Sistemas Operacionais,COMPUTACAO,D
302,SISTEMAS OPERACIONAIS I,SISTEMAS OPERACIONAIS I,SISTEMAS OPERACIONAIS I,TECNOLOGIA EM ANALISE E DESENVOLVIMENTO DE SISTEMAS,A
303,SISTEMAS OPERACIONAIS II,SISTEMAS OPERACIONAIS II,SISTEMAS OPERACIONAIS II,TECNOLOGIA EM ANALISE E DESENVOLVIMENTO DE SISTEMAS,A
304,Sistemas Operacionais - Linux,Sistemas Operacionais,SISTEMAS OPERACIONAIS,TECNOLOGIA EM SISTEMAS PARA INTERNET A DISTANCIA,C
305,Sistemas Operacionais - Windows,Sistemas Operacionais,SISTEMAS OPERACIONAIS,TECNOLOGIA EM SISTEMAS PARA INTERNET A DISTANCIA,C
311,TÉCNICAS DE PROGRAMAÇÃO AVANÇADA,TÉCNICAS DE PROGRAMAÇÃO AVANÇADA,TÉCNICAS DE PROGRAMAÇÃO AVANÇADAS,TECNOLOGIA EM ANALISE E DESENVOLVIMENTO DE SISTEMAS,A
312,Técnicas de Programação II,Técnicas de Programação II,Técnicas de Programação II,COMPUTACAO,H
313,Técnicas de Programação II,Técnicas de Programação II,Técnicas de Programação II,COMPUTACAO,H
314,TECNOLOGIAS DE DADOS PARA INTERNET ,TECNOLOGIAS DE DADOS PARA INTERNET ,TECNOLOGIAS DE DADOS PARA INTERNET,TECNOLOGIA EM SISTEMA PARA INTERNET,B
315,Tecnologias em Redes de Computadores,Tecnologias em Redes de Computadores,TECNOLOGIAS EM REDES DE COMPUTADORES,TECNOLOGIA EM SISTEMAS PARA INTERNET A DISTANCIA,C
316,Teoria de Banco de Dados,Teoria de Banco de Dados,TEORIA DE BANCO DE DADOS,TECNOLOGIA EM SISTEMAS PARA INTERNET A DISTANCIA,C
